School ID,School,Type,Level,ZIP,Enrollment,Economic %,Eligible,Review row,Already served,Effective fresh miles,Effective resources,Fresh basis,Resource basis,Economic points,Fresh points,Resource points,Reach points,Baseline score,Active score,Food evidence,Status,Target order,Need rank,Rationale,Nearest supermarket,Retailer address,School address,Latitude,Longitude,Contact stage,Fresh review valid,Resource review valid,Rankable
1010,John Bartram High School,District,High,19142,594.0,0.8053,Yes,136,No,0.3397819435174283,4.0,Listed,Listed,25.0,10.0,5.0,4.0,44.0,44.0,Listed,Candidate,87.0,81.0,81% economic need; 0.34 mi fresh access; 4 nearby resources,Cousin's Fresh Market Inc,"6411 Woodland Ave, Philadelphia, PA, 19142",2401 S 67TH ST,39.92149737,-75.23405562,Not contacted,No,No,1
1020,West Philadelphia High School,District,High,19139,729.0,0.8456,Yes,310,No,0.35675630166563865,14.0,Listed,Listed,25.0,10.0,0.0,5.0,40.0,40.0,Listed,Candidate,139.0,133.0,85% economic need; 0.36 mi fresh access; 14 nearby resources,Afor Market Philadelphia Llc,"5228 Market St, Philadelphia, PA, 19139",4901 CHESTNUT ST,39.95811,-75.219654,Not contacted,No,No,1
1030,High School of the Future,District,High,19104,648.0,0.8416,Yes,114,No,0.9271138217890725,9.0,Listed,Listed,25.0,20.0,0.0,4.0,49.0,49.0,Listed,Candidate,50.0,46.0,84% economic need; 0.93 mi fresh access; 9 nearby resources,Aldi 43,"3101 W Girard Ave, Philadelphia, PA, 19130",4021 PARKSIDE AVE,39.97465766,-75.2047566,Not contacted,No,No,1
1050,Paul Robeson High School for Human Services,District,High,19104,300.0,0.7533,Yes,226,No,0.1812821079384152,12.0,Listed,Listed,20.0,5.0,0.0,2.0,27.0,27.0,Listed,Candidate,266.0,266.0,75% economic need; 0.18 mi fresh access; 12 nearby resources,Acme 2397,"4001 Walnut St, Philadelphia, PA, 19104",4125 LUDLOW ST,39.95679553,-75.20476311,Not contacted,No,No,1
1100,William L. Sayre High School,District,High,19139,439.0,0.8084,Yes,320,No,0.29370303689259636,13.0,Listed,Listed,25.0,10.0,0.0,3.0,38.0,38.0,Listed,Candidate,178.0,166.0,81% economic need; 0.29 mi fresh access; 13 nearby resources,FRESH GROCER,"5601 Chestnut St, Philadelphia, PA, 19139",5800 WALNUT ST,39.95759354,-75.23859405,Not contacted,No,No,1
1130,William T. Tilden Middle School,District,Middle,19142,230.0,0.8787,Yes,324,No,0.385327144615068,4.0,Listed,Listed,25.0,10.0,5.0,2.0,42.0,42.0,Listed,Candidate,114.0,101.0,88% economic need; 0.39 mi fresh access; 4 nearby resources,Cousin's Fresh Market Inc,"6411 Woodland Ave, Philadelphia, PA, 19142",6601 ELMWOOD AVE,39.92093619,-75.23227632,Not contacted,No,No,1
1190,Motivation High School,District,High,19143,151.0,0.8344,Yes,201,No,0.2506320247265274,5.0,Listed,Listed,25.0,10.0,0.0,1.0,36.0,36.0,Listed,Candidate,207.0,205.0,83% economic need; 0.25 mi fresh access; 5 nearby resources,Cousin's Fresh Market 3 Llc,"5704 Baltimore Ave, Philadelphia, PA, 19143",5900 BALTIMORE AVE,39.94453199,-75.24184422,Not contacted,No,No,1
1200,John Barry School,District,Elementary-Middle,19139,442.0,0.9118,Yes,135,No,0.35473149935309223,11.0,Listed,Listed,30.0,10.0,0.0,3.0,43.0,43.0,Listed,Candidate,92.0,90.0,91% economic need; 0.35 mi fresh access; 11 nearby resources,Save A Lot 24712,"5601 Vine St, Philadelphia, PA, 19139",5900 RACE ST,39.96437494,-75.23860376,Not contacted,No,No,1
1230,William C. Bryant School,District,Elementary-Middle,19143,332.0,0.9023,Yes,312,No,0.5592374728388604,5.0,Listed,Listed,30.0,15.0,0.0,2.0,47.0,47.0,Listed,Candidate,67.0,64.0,90% economic need; 0.56 mi fresh access; 5 nearby resources,Cousin's Fresh Market 3 Llc,"5704 Baltimore Ave, Philadelphia, PA, 19143",6001 CEDAR AVE,39.952687,-75.243691,Not contacted,No,No,1
1250,Joseph W. Catharine School,District,Elementary,19142,377.0,0.782,Yes,149,No,0.3372905963622923,5.0,Listed,Listed,20.0,10.0,0.0,3.0,33.0,33.0,Listed,Candidate,238.0,233.0,78% economic need; 0.34 mi fresh access; 5 nearby resources,Cousin's Fresh Market Inc,"6411 Woodland Ave, Philadelphia, PA, 19142",6600 CHESTER AVE,39.927435,-75.239911,Not contacted,No,No,1
1260,Benjamin B. Comegys School,District,Elementary-Middle,19143,213.0,0.9014,Yes,30,No,0.5645578372206855,7.0,Listed,Listed,30.0,15.0,0.0,2.0,47.0,47.0,Listed,Candidate,69.0,64.0,90% economic need; 0.56 mi fresh access; 7 nearby resources,Mariposa Food Coop,"4824 Baltimore Ave, Philadelphia, PA, 19143",5100 GREENWAY AVE,39.94052,-75.216289,Not contacted,No,No,1
1280,Sadie T.M. Alexander UPenn Partnership School,District,Elementary-Middle,19104,601.0,0.2288,Yes,260,No,0.13992622182183717,10.0,Listed,Listed,0.0,5.0,0.0,4.0,9.0,9.0,Listed,Candidate,293.0,293.0,23% economic need; 0.14 mi fresh access; 10 nearby resources,WALNUT FOODS LLC,"4301 Walnut St, Philadelphia, PA, 19104",4209 SPRUCE ST,39.953099,-75.208187,Not contacted,No,No,1
1290,Andrew Hamilton School,District,Elementary-Middle,19139,366.0,0.9013,Yes,18,No,0.30289871613356184,10.0,Listed,Listed,30.0,10.0,0.0,3.0,43.0,43.0,Listed,Candidate,95.0,90.0,90% economic need; 0.30 mi fresh access; 10 nearby resources,FRESH GROCER,"5601 Chestnut St, Philadelphia, PA, 19139",5640 SPRUCE ST,39.955438,-75.235543,Not contacted,No,No,1
1300,Avery D. Harrington School,District,Elementary-Middle,19143,259.0,0.874,Yes,25,No,0.3799079600097622,11.0,Listed,Listed,25.0,10.0,0.0,2.0,37.0,37.0,Listed,Candidate,189.0,182.0,87% economic need; 0.38 mi fresh access; 11 nearby resources,Cousin's Fresh Market 3 Llc,"5704 Baltimore Ave, Philadelphia, PA, 19143",5300 BALTIMORE AVE,39.94736517,-75.23059508,Not contacted,No,No,1
1340,Henry C. Lea School,District,Elementary-Middle,19139,463.0,0.7081,Yes,110,No,0.3737142810571998,12.0,Listed,Listed,20.0,10.0,0.0,3.0,33.0,33.0,Listed,Candidate,241.0,233.0,71% economic need; 0.37 mi fresh access; 12 nearby resources,ALDI 54,"4421 Market St, Philadelphia, PA, 19104",4700 LOCUST ST,39.954515,-75.216347,Not contacted,No,No,1
1350,William C. Longstreth School,District,Elementary-Middle,19143,259.0,0.8958,Yes,313,No,0.451746240814321,8.0,Listed,Listed,25.0,10.0,0.0,2.0,37.0,37.0,Listed,Candidate,185.0,182.0,90% economic need; 0.45 mi fresh access; 8 nearby resources,Cousin's Fresh Market 3 Llc,"5704 Baltimore Ave, Philadelphia, PA, 19143",5700 WILLOWS AVE,39.94090823,-75.23237316,Not contacted,No,No,1
1360,Morton McMichael School,District,Elementary-Middle,19104,286.0,0.9264,Yes,200,No,0.7139799402420749,11.0,Listed,Listed,30.0,15.0,0.0,2.0,47.0,47.0,Listed,Candidate,64.0,64.0,93% economic need; 0.71 mi fresh access; 11 nearby resources,Aldi 43,"3101 W Girard Ave, Philadelphia, PA, 19130",3543 FAIRMOUNT AVE,39.96619727,-75.19411487,Not contacted,No,No,1
1370,S. Weir Mitchell School,District,Elementary-Middle,19143,271.0,0.8726,Yes,259,No,0.33494930534260714,9.0,Listed,Listed,25.0,10.0,0.0,2.0,37.0,37.0,Listed,Candidate,192.0,182.0,87% economic need; 0.33 mi fresh access; 9 nearby resources,SAVE-A-LOT 60135,"5800 Woodland Ave, Philadelphia, PA, 19143",5500 KINGSESSING AVE,39.93681427,-75.223291,Not contacted,No,No,1
1380,Thomas G. Morton School,District,Elementary,19142,363.0,0.8457,Yes,293,No,0.4130231541918818,5.0,Listed,Listed,25.0,10.0,0.0,3.0,38.0,38.0,Listed,Candidate,175.0,166.0,85% economic need; 0.41 mi fresh access; 5 nearby resources,Cousin's Fresh Market Inc,"6411 Woodland Ave, Philadelphia, PA, 19142",2501 S 63RD ST,39.92346826,-75.22690015,Not contacted,No,No,1
1390,Samuel Powel School,District,Elementary,19104,342.0,0.4736,Yes,264,No,0.24657974806699834,10.0,Listed,Listed,5.0,5.0,0.0,2.0,12.0,12.0,Listed,Candidate,288.0,288.0,47% economic need; 0.25 mi fresh access; 10 nearby resources,Giant Heirloom Market 6551,"3401 Chestnut St, Philadelphia, PA, 19104",3610 WARREN ST,39.9579628,-75.1939177,Not contacted,No,No,1
1400,John M. Patterson School,District,Elementary,19142,353.0,0.8425,Yes,141,No,0.7308741942799558,3.0,Listed,Listed,25.0,15.0,10.0,3.0,53.0,53.0,Listed,Candidate,35.0,35.0,84% economic need; 0.73 mi fresh access; 3 nearby resources,Cousin's Fresh Market Inc,"6411 Woodland Ave, Philadelphia, PA, 19142",7000 BUIST AVE,39.916095,-75.236762,Not contacted,No,No,1
1410,James Rhoads School,District,Elementary-Middle,19139,415.0,0.927,Yes,131,No,0.3555034706883109,12.0,Listed,Listed,30.0,10.0,0.0,3.0,43.0,43.0,Listed,Candidate,91.0,90.0,93% economic need; 0.36 mi fresh access; 12 nearby resources,Cousin's Fresh Market 2 Inc,"5429 W Girard Ave, Philadelphia, PA, 19131",4901 PARRISH ST,39.967339,-75.220063,Not contacted,No,No,1
1420,Martha Washington School,District,Elementary-Middle,19104,213.0,0.9245,Yes,176,No,0.4881622186295951,14.0,Listed,Listed,30.0,10.0,0.0,2.0,42.0,42.0,Listed,Candidate,105.0,101.0,92% economic need; 0.49 mi fresh access; 14 nearby resources,ALDI 54,"4421 Market St, Philadelphia, PA, 19104",766 N 44TH ST,39.966206,-75.211179,Not contacted,No,No,1
1440,Penrose School,District,Elementary-Middle,19153,429.0,0.8372,Yes,229,No,0.5015430898164202,1.0,Listed,Listed,25.0,15.0,20.0,3.0,63.0,63.0,Listed,Candidate,7.0,7.0,84% economic need; 0.50 mi fresh access; 1 nearby resources,Shoprite of Island Ave 423,"2946 Island Ave, Philadelphia, PA, 19153",2515 S 78TH ST,39.90692358,-75.24865833,Not contacted,No,No,1
1460,Add B. Anderson School,District,Elementary-Middle,19143,318.0,0.8646,Yes,9,No,0.4336669545442868,6.0,Listed,Listed,25.0,10.0,0.0,2.0,37.0,37.0,Listed,Candidate,195.0,182.0,86% economic need; 0.43 mi fresh access; 6 nearby resources,Cousin's Fresh Market 3 Llc,"5704 Baltimore Ave, Philadelphia, PA, 19143",1034 S 60TH ST,39.946726,-75.245717,Not contacted,No,No,1
1470,Alain Locke School,District,Elementary-Middle,19139,276.0,0.829,Yes,10,No,0.23280418789792304,15.0,Listed,Listed,25.0,5.0,0.0,2.0,32.0,32.0,Listed,Candidate,247.0,243.0,83% economic need; 0.23 mi fresh access; 15 nearby resources,ALDI 54,"4421 Market St, Philadelphia, PA, 19104",4550 HAVERFORD AVE,39.96262376,-75.21245097,Not contacted,No,No,1
1490,Rudolph Blankenburg School,District,Elementary-Middle,19131,228.0,0.8979,Yes,256,No,0.44216629364402876,9.0,Listed,Listed,25.0,10.0,0.0,2.0,37.0,37.0,Listed,Candidate,183.0,182.0,90% economic need; 0.44 mi fresh access; 9 nearby resources,Cousin's Fresh Market 2 Inc,"5429 W Girard Ave, Philadelphia, PA, 19131",4600 W GIRARD AVE,39.97296312,-75.21388868,Not contacted,No,No,1
1580,Middle Years Alternative School,District,Middle,19139,122.0,0.8,Yes,199,No,0.36728004506671763,14.0,Listed,Listed,25.0,10.0,0.0,1.0,36.0,36.0,Listed,Candidate,208.0,205.0,80% economic need; 0.37 mi fresh access; 14 nearby resources,ALDI 54,"4421 Market St, Philadelphia, PA, 19104",4725 FAIRMOUNT AVE,39.96425379,-75.21546704,Not contacted,No,No,1
2000,South Philadelphia High School,District,High,19148,647.0,0.7803,Yes,270,No,0.0677150100802512,10.0,Listed,Listed,20.0,5.0,0.0,4.0,29.0,29.0,Listed,Candidate,263.0,263.0,78% economic need; 0.07 mi fresh access; 10 nearby resources,South Philly Food Co-op,"2031 S Juniper St, Philadelphia, PA, 19148",2101 S BROAD ST,39.9238987,-75.1691065,Not contacted,No,No,1
2010,Benjamin Franklin High School,District,High,19130,530.0,0.831,Yes,32,No,0.04947958575697192,10.0,Listed,Listed,25.0,5.0,0.0,4.0,34.0,34.0,Listed,Candidate,224.0,221.0,83% economic need; 0.05 mi fresh access; 10 nearby resources,Giant Food Store 6573,"510 N Broad St, Philadelphia, PA, 19130",550 N BROAD ST,39.96353,-75.16164,Not contacted,No,No,1
2020,High School for Creative and Performing Arts,District,High,19147,597.0,0.4815,Yes,113,No,0.07500843857021407,13.0,Listed,Listed,5.0,5.0,0.0,4.0,14.0,14.0,Listed,Candidate,283.0,283.0,48% economic need; 0.08 mi fresh access; 13 nearby resources,Sprouts Farmers Market 850,"1000 S Broad St, Philadelphia, PA, 19146",901 S BROAD ST,39.93941992,-75.16548375,Not contacted,No,No,1
2050,Science Leadership Academy Middle School,District,Middle,19104,351.0,0.51,Yes,267,No,0.24657974806699834,10.0,Listed,Listed,10.0,5.0,0.0,3.0,18.0,18.0,Listed,Candidate,281.0,281.0,51% economic need; 0.25 mi fresh access; 10 nearby resources,Giant Heirloom Market 6551,"3401 Chestnut St, Philadelphia, PA, 19104",3610 WARREN ST,39.9579628,-75.1939177,Not contacted,No,No,1
2140,Julia R. Masterman High School,District,Middle-High,19130,1221.0,0.3778,Yes,152,No,0.2115534996326848,8.0,Listed,Listed,0.0,5.0,0.0,5.0,10.0,10.0,Listed,Candidate,290.0,290.0,38% economic need; 0.21 mi fresh access; 8 nearby resources,Giant Food Store 6573,"510 N Broad St, Philadelphia, PA, 19130",1699 SPRING GARDEN ST,39.96320031,-75.16620758,Not contacted,No,No,1
2160,Horace Furness High School,District,High,19148,836.0,0.6889,Yes,117,No,0.19535268348524887,6.0,Listed,Listed,15.0,5.0,0.0,5.0,25.0,25.0,Listed,Candidate,269.0,269.0,69% economic need; 0.20 mi fresh access; 6 nearby resources,Target Store 1443,"1 Mifflin St, Philadelphia, PA, 19148",1900 S 3RD ST,39.923762,-75.150585,Not contacted,No,No,1
2190,D. Newlin Fell School,District,Elementary-Middle,19148,519.0,0.7552,Yes,49,No,0.428348615876103,5.0,Listed,Listed,20.0,10.0,0.0,4.0,34.0,34.0,Listed,Candidate,229.0,221.0,76% economic need; 0.43 mi fresh access; 5 nearby resources,ShopRite of Whitman Plaza 411,"330 W Oregon Ave, Philadelphia, PA, 19148",900 W OREGON AVE,39.91558638,-75.16300858,Not contacted,No,No,1
2210,Bache-Martin School,District,Elementary-Middle,19130,622.0,0.5334,Yes,26,No,0.29713947061757184,7.0,Listed,Listed,10.0,10.0,0.0,4.0,24.0,24.0,Listed,Candidate,273.0,272.0,53% economic need; 0.30 mi fresh access; 7 nearby resources,Kleins Supermarket ,"2401 Pennsylvania Ave, Philadelphia, PA, 19130",2201 BROWN ST,39.96967782,-75.17384692,Not contacted,No,No,1
2240,F. Amedee Bregy School,District,Elementary-Middle,19145,244.0,0.8191,Yes,71,No,0.2488858573081863,1.0,Listed,Listed,25.0,5.0,20.0,2.0,52.0,52.0,Listed,Candidate,38.0,36.0,82% economic need; 0.25 mi fresh access; 1 nearby resources,ACME 4715,"1901 Johnston St, Philadelphia, PA, 19145",1700 BIGLER ST,39.914699,-75.176674,Not contacted,No,No,1
2260,George W. Childs School,District,Elementary-Middle,19146,443.0,0.7626,Yes,94,No,0.3433018637346939,16.0,Listed,Listed,20.0,10.0,0.0,3.0,33.0,33.0,Listed,Candidate,240.0,233.0,76% economic need; 0.34 mi fresh access; 16 nearby resources,Target T3263,"1020 S Broad St, Philadelphia, PA, 19146",1599 WHARTON ST,39.934637,-75.170493,Not contacted,No,No,1
2290,Franklin Learning Center,District,High,19130,975.0,0.7603,Yes,83,No,0.14628358627531837,10.0,Listed,Listed,20.0,5.0,0.0,5.0,30.0,30.0,Listed,Candidate,254.0,253.0,76% economic need; 0.15 mi fresh access; 10 nearby resources,Giant Food Store 6573,"510 N Broad St, Philadelphia, PA, 19130",616 N 15TH ST,39.965049,-75.162753,Not contacted,No,No,1
2310,Achieve Academy of Philadelphia,Contracted,Transition/Overage School,19121,49.0,,No,6,No,0.42951750596672367,12.0,Listed,Listed,,10.0,0.0,1.0,,,Listed,Outside scope,,,Missing demographic or access input,Sharswood Grocery Outlet 731,"2077 Ridge Ave, Philadelphia, PA, 19121",1435 N 26TH ST,39.978134,-75.177658,Not contacted,No,No,0
2320,Stephen Girard School,District,Elementary,19145,304.0,0.8411,Yes,276,No,0.34467862061523435,12.0,Listed,Listed,25.0,10.0,0.0,2.0,37.0,37.0,Listed,Candidate,198.0,182.0,84% economic need; 0.34 mi fresh access; 12 nearby resources,Metfresh Supermarket,"2014 S Broad St, Philadelphia, PA, 19145",1800 SNYDER AVE,39.925059,-75.176611,Not contacted,No,No,1
2340,General George A. McCall School,District,Elementary-Middle,19106,667.0,0.4009,Yes,90,No,0.1635639506954112,7.0,Listed,Listed,5.0,5.0,0.0,4.0,14.0,14.0,Listed,Candidate,286.0,283.0,40% economic need; 0.16 mi fresh access; 7 nearby resources,Acme 2638,"309 S 5th St, Philadelphia, PA, 19106",325 S 7TH ST,39.944635,-75.15318,Not contacted,No,No,1
2370,Delaplaine McDaniel School,District,Elementary-Middle,19145,240.0,0.8547,Yes,51,No,0.7037705628683641,11.0,Listed,Listed,25.0,15.0,0.0,2.0,42.0,42.0,Listed,Candidate,120.0,101.0,85% economic need; 0.70 mi fresh access; 11 nearby resources,Metfresh Supermarket,"2014 S Broad St, Philadelphia, PA, 19145",1801 S 22ND ST,39.929592,-75.181793,Not contacted,No,No,1
2380,William M. Meredith School,District,Elementary-Middle,19147,579.0,0.1539,Yes,321,No,0.358221084673787,6.0,Listed,Listed,0.0,10.0,0.0,4.0,14.0,14.0,Listed,Candidate,287.0,283.0,15% economic need; 0.36 mi fresh access; 6 nearby resources,Acme 2638,"309 S 5th St, Philadelphia, PA, 19106",725 S 5TH ST,39.93974936,-75.15113339,Not contacted,No,No,1
2390,Robert Morris School,District,Elementary-Middle,19121,216.0,0.9023,Yes,253,No,0.4557630523990855,9.0,Listed,Listed,30.0,10.0,0.0,2.0,42.0,42.0,Listed,Candidate,111.0,101.0,90% economic need; 0.46 mi fresh access; 9 nearby resources,Aldi 43,"3101 W Girard Ave, Philadelphia, PA, 19130",2600 W THOMPSON ST,39.975439,-75.17866,Not contacted,No,No,1
2410,Girard Academic Music Program High School,District,Middle-High,19145,666.0,,Yes,99,No,0.2806391370025693,7.0,Listed,Listed,,10.0,0.0,4.0,,,Listed,Missing data,,,Missing demographic or access input,Grocery Outlet Of West Oregon Ave 0730,"2017 W Oregon Ave, Philadelphia, PA, 19145","2136 W RITNER ST, GAMP",39.92210463,-75.18256439,Not contacted,No,No,0
2450,Edwin M. Stanton School,District,Elementary-Middle,19146,316.0,0.6497,Yes,59,No,0.2625518894906461,15.0,Listed,Listed,15.0,10.0,0.0,2.0,27.0,27.0,Listed,Candidate,267.0,266.0,65% economic need; 0.26 mi fresh access; 15 nearby resources,Sprouts Farmers Market 850,"1000 S Broad St, Philadelphia, PA, 19146",901 S. 17TH ST.,39.940503,-75.171017,Not contacted,No,No,1
2470,Albert M. Greenfield School,District,Elementary-Middle,19103,757.0,0.1576,Yes,11,No,0.1338496128922521,5.0,Listed,Listed,0.0,5.0,0.0,5.0,10.0,10.0,Listed,Candidate,291.0,290.0,16% economic need; 0.13 mi fresh access; 5 nearby resources,Trader Joe's 634,"2121 Market St, Philadelphia, PA, 19103",2200 CHESTNUT ST,39.95227234,-75.17739206,Not contacted,No,No,1
2480,Marian Anderson Neighborhood Academy,District,Elementary-Middle,19146,348.0,0.4109,Yes,173,No,0.22881499019783172,16.0,Listed,Listed,5.0,5.0,0.0,2.0,12.0,12.0,Listed,Candidate,289.0,288.0,41% economic need; 0.23 mi fresh access; 16 nearby resources,ALDI 60161,"2101 Washington Ave, Philadelphia, PA, 19146",2000 CATHARINE ST,39.94190083,-75.17569882,Not contacted,No,No,1
2490,Laura W. Waring School,District,Elementary-Middle,19130,170.0,0.7916,Yes,169,No,0.31974289027423447,9.0,Listed,Listed,20.0,10.0,0.0,1.0,31.0,31.0,Listed,Candidate,251.0,251.0,79% economic need; 0.32 mi fresh access; 9 nearby resources,Giant Food Store 6573,"510 N Broad St, Philadelphia, PA, 19130",1801 GREEN ST,39.96491939,-75.1677006,Not contacted,No,No,1
2510,Fanny Jackson Coppin School,District,Elementary-Middle,19147,541.0,0.4564,Yes,72,No,0.1719375482245509,11.0,Listed,Listed,5.0,5.0,0.0,4.0,14.0,14.0,Listed,Candidate,285.0,283.0,46% economic need; 0.17 mi fresh access; 11 nearby resources,ACME 726,"1400 E Passyunk Ave, Philadelphia, PA, 19147",1213 S 12TH ST,39.934623,-75.163481,Not contacted,No,No,1
2520,Abram S. Jenks School,District,Elementary,19148,272.0,0.619,Yes,3,No,0.3979706880899074,6.0,Listed,Listed,15.0,10.0,0.0,2.0,27.0,27.0,Listed,Candidate,268.0,266.0,62% economic need; 0.40 mi fresh access; 6 nearby resources,South Philly Food Co-op,"2031 S Juniper St, Philadelphia, PA, 19148",2501 S 13TH ST,39.918773,-75.168367,Not contacted,No,No,1
2530,Philadelphia Juvenile Justice Services Center,District,Transition/Overage School,19139,124.0,,Yes,236,No,0.2034050069507735,14.0,Listed,Listed,,5.0,0.0,1.0,,,Listed,Missing data,,,Missing demographic or access input,ALDI 54,"4421 Market St, Philadelphia, PA, 19104",91 N 48TH ST,39.96136565,-75.21572624,Not contacted,No,No,0
2540,Francis S. Key School,District,Elementary,19148,349.0,0.8074,Yes,81,No,0.47317293014771705,6.0,Listed,Listed,25.0,10.0,0.0,2.0,37.0,37.0,Listed,Candidate,202.0,182.0,81% economic need; 0.47 mi fresh access; 6 nearby resources,South Philly Food Co-op,"2031 S Juniper St, Philadelphia, PA, 19148",2230 S 8TH ST,39.9213857,-75.1601961,Not contacted,No,No,1
2580,Eliza B. Kirkbride School,District,Elementary-Middle,19147,481.0,0.7716,Yes,62,No,0.3123460594970542,9.0,Listed,Listed,20.0,10.0,0.0,3.0,33.0,33.0,Listed,Candidate,239.0,233.0,77% economic need; 0.31 mi fresh access; 9 nearby resources,First Oriental Market Inc,"1111 S 6th St, Philadelphia, PA, 19147",1501 S 7TH ST,39.93002,-75.156466,Not contacted,No,No,1
2590,George W. Nebinger School,District,Elementary-Middle,19147,399.0,0.6262,Yes,95,No,0.18536353970744446,8.0,Listed,Listed,15.0,5.0,0.0,3.0,23.0,23.0,Listed,Candidate,276.0,274.0,63% economic need; 0.19 mi fresh access; 8 nearby resources,First Oriental Market Inc,"1111 S 6th St, Philadelphia, PA, 19147",601 CARPENTER ST,39.936694,-75.15383,Not contacted,No,No,1
2620,Academy at Palumbo,District,High,19147,1242.0,0.5998,Yes,4,No,0.20588081692677693,11.0,Listed,Listed,10.0,5.0,0.0,5.0,20.0,20.0,Listed,Candidate,279.0,279.0,60% economic need; 0.21 mi fresh access; 11 nearby resources,Hung Vuong Food Market,"1122 Washington Ave, Philadelphia, PA, 19147",1100 CATHARINE ST,39.94019787,-75.16194915,Not contacted,No,No,1
2630,George W. Sharswood School,District,Elementary-Middle,19148,317.0,0.7977,Yes,96,No,0.24947051507250717,4.0,Listed,Listed,20.0,5.0,5.0,2.0,32.0,32.0,Listed,Candidate,248.0,243.0,80% economic need; 0.25 mi fresh access; 4 nearby resources,ACME 2771,"29 Snyder Ave, Philadelphia, PA, 19148",2300 S 2ND ST,39.91935714,-75.15055053,Not contacted,No,No,1
2640,Southwark School,District,Elementary-Middle,19148,889.0,0.7478,Yes,272,No,0.41951697224983825,8.0,Listed,Listed,20.0,10.0,0.0,5.0,35.0,35.0,Listed,Candidate,214.0,210.0,75% economic need; 0.42 mi fresh access; 8 nearby resources,ACME 726,"1400 E Passyunk Ave, Philadelphia, PA, 19147",1835 S 9TH ST,39.92637775,-75.16053168,Not contacted,No,No,1
2650,Science Leadership Academy High School,District,High,19130,510.0,0.4627,Yes,266,No,0.05275537935564013,10.0,Listed,Listed,5.0,5.0,0.0,4.0,14.0,14.0,Listed,Candidate,284.0,283.0,46% economic need; 0.05 mi fresh access; 10 nearby resources,Giant Food Store 6573,"510 N Broad St, Philadelphia, PA, 19130","550 N BROAD ST, SCIENCE LEADERSHIP ACADEMY, SUITE 202",39.963701,-75.162516,Not contacted,No,No,1
2670,Constitution High School,District,High,19106,410.0,0.8112,Yes,45,No,0.33164819158662245,7.0,Listed,Listed,25.0,10.0,0.0,3.0,38.0,38.0,Listed,Candidate,177.0,166.0,81% economic need; 0.33 mi fresh access; 7 nearby resources,MOM's Organic Market 17,"34 S 11th St, Philadelphia, PA, 19107",18 S 7TH ST,39.950252,-75.152336,Not contacted,No,No,1
2680,The Science Leadership Academy at Beeber High School,District,Middle-High,19131,492.0,0.5152,Yes,288,No,1.0254135022515662,5.0,Listed,Listed,10.0,25.0,0.0,3.0,38.0,38.0,Listed,Candidate,180.0,166.0,52% economic need; 1.03 mi fresh access; 5 nearby resources,Shoprite of Parkside 419,"1575 N 52nd St, Philadelphia, PA, 19131",5925 MALVERN AVE,39.98610221,-75.24192008,Not contacted,No,No,1
2690,John H. Taggart School,District,Elementary-Middle,19148,485.0,0.806,Yes,139,No,0.19773198527602262,4.0,Listed,Listed,25.0,5.0,5.0,3.0,38.0,38.0,Listed,Candidate,179.0,166.0,81% economic need; 0.20 mi fresh access; 4 nearby resources,New Oregon Market Inc,"320 W Oregon Ave, Philadelphia, PA, 19148",400 W PORTER ST,39.91721223,-75.15452237,Not contacted,No,No,1
2720,Vare-Washington School,District,Elementary-Middle,19147,370.0,0.6856,Yes,303,No,0.06494296836830293,8.0,Listed,Listed,15.0,5.0,0.0,3.0,23.0,23.0,Listed,Candidate,274.0,274.0,69% economic need; 0.06 mi fresh access; 8 nearby resources,First Oriental Market Inc,"1111 S 6th St, Philadelphia, PA, 19147",1198 S 5TH ST,39.93427949,-75.15252649,Not contacted,No,No,1
3040,Excel Middle Years Academy,Contracted,Transition/Overage School,19104,24.0,,No,70,No,0.6537094255742392,11.0,Listed,Listed,,15.0,0.0,1.0,,,Listed,Outside scope,,,Missing demographic or access input,Cousin's Fresh Market 2 Inc,"5429 W Girard Ave, Philadelphia, PA, 19131",4300 WESTMINSTER AVE,39.969705,-75.210282,Not contacted,No,No,0
3190,Crossroads at Hunting Park,District,Transition/Overage School,19140,25.0,,Yes,48,No,0.5181636732430546,10.0,Listed,Listed,,15.0,0.0,1.0,,,Listed,Missing data,,,Missing demographic or access input,COUSINS SUPERMARKET INC. #2,"4037 N 5th St, Philadelphia, PA, 19140",4224 N FRONT ST,40.01425525,-75.12599679,Not contacted,No,No,0
3210,Ben Franklin High School EOP,District,Transition/Overage School,19130,211.0,,Yes,29,No,0.04947958575697192,10.0,Listed,Listed,,5.0,0.0,2.0,,,Listed,Missing data,,,Missing demographic or access input,Giant Food Store 6573,"510 N Broad St, Philadelphia, PA, 19130",550 N BROAD ST,39.96353,-75.16164,Not contacted,No,No,0
3240,The Fortis Program,Contracted,Transition/Overage School,19125,105.0,,No,284,No,0.25388415306094564,6.0,Listed,Listed,,10.0,0.0,1.0,,,Listed,Outside scope,,,Missing demographic or access input,Save A Lot 30224,"2132 E Lehigh Ave, Philadelphia, PA, 19125",2343 E TUCKER ST,39.9814901,-75.1188706,Not contacted,No,No,0
3250,Early College Charter School of Philadelphia,Charter,Middle,19102,,,No,54,No,0.25723468064181654,10.0,Listed,Listed,,10.0,0.0,,,,Listed,Outside scope,,,Missing demographic or access input,Rittenhouse Market,"1733 Spruce St, Philadelphia, PA, 19103",1420 PINE ST,39.94542,-75.1663,Not contacted,No,No,0
3290,Excel Academy South,Contracted,Transition/Overage School,19124,183.0,,No,69,No,0.22832825262966802,3.0,Listed,Listed,,5.0,10.0,1.0,,,Listed,Outside scope,,,Missing demographic or access input,Walmart 5103,"4600 E Roosevelt Blvd, Philadelphia, PA, 19124",4641 ROOSEVELT BLVD,40.02608143,-75.10251944,Not contacted,No,No,0
3291,Excel Academy Central,Contracted,Transition/Overage School,19120,199.0,,No,67,No,0.17942385839555314,6.0,Listed,Listed,,5.0,0.0,1.0,,,Listed,Outside scope,,,Missing demographic or access input,SHOPRITE 537,"101 E Olney Ave, Philadelphia, PA, 19120",201 E OLNEY AVE,40.0354143,-75.1179626,Not contacted,No,No,0
3292,The Academy of Continued Education School,District,Transition/Overage School,19130,,,Yes,283,No,0.11489059178460097,10.0,Listed,Listed,,5.0,0.0,,,,Listed,Missing data,,,Missing demographic or access input,Giant Food Store 6573,"510 N Broad St, Philadelphia, PA, 19130",440 N BROAD ST,39.9613083,-75.1622511,Not contacted,No,No,0
3301,Community Academy of Philadelphia Charter School,Charter,Elementary-Middle-High,19124,1251.0,0.9114,Yes,44,No,0.15687259846166368,7.0,Listed,Listed,30.0,5.0,0.0,5.0,40.0,40.0,Listed,Candidate,134.0,133.0,91% economic need; 0.16 mi fresh access; 7 nearby resources,Pa Fair Farm Food Corp/Fine Fare Supermarket,"1240 E Erie Ave, Philadelphia, PA, 19124",1100 E ERIE AVE,40.00538049,-75.10735613,Not contacted,No,No,1
3302,Harambee Institute of Science and Technology Charter School,Charter,Elementary-Middle,19151,555.0,0.7941,Yes,108,No,0.7127935683415872,7.0,Listed,Listed,20.0,15.0,0.0,4.0,39.0,39.0,Listed,Candidate,161.0,148.0,79% economic need; 0.71 mi fresh access; 7 nearby resources,Al Aqsa Supermarket,"6501 Market St, Upper Darby, PA, 19082",640 N 66TH ST,39.97309111,-75.25171974,Not contacted,No,No,1
3304,YouthBuild Philadelphia Charter School,Charter,High,19132,286.0,,No,329,No,0.706614574962913,16.0,Listed,Listed,,15.0,0.0,2.0,,,Listed,Outside scope,,,Missing demographic or access input,Save A Lot 60139,"701 W Lehigh Ave, Philadelphia, PA, 19133",2309 N BROAD ST,39.9882193,-75.1553227,Not contacted,No,No,0
3306,Christopher Columbus Charter School,Charter,Elementary-Middle,19147,817.0,0.6031,Yes,42,No,0.22052858366333475,11.0,Listed,Listed,15.0,5.0,0.0,5.0,25.0,25.0,Listed,Candidate,270.0,269.0,60% economic need; 0.22 mi fresh access; 11 nearby resources,Hung Vuong Food Market,"1122 Washington Ave, Philadelphia, PA, 19147",916 CHRISTIAN ST,39.93894574,-75.15824752,Not contacted,No,No,1
3307,Eugenio Maria De Hostos Charter School,Charter,Elementary-Middle,19120,697.0,0.7647,Yes,66,No,0.2923713862135881,3.0,Listed,Listed,20.0,10.0,10.0,4.0,44.0,44.0,Listed,Candidate,89.0,81.0,76% economic need; 0.29 mi fresh access; 3 nearby resources,H MART PHILADELPHIA LLC.,"6201 N Front St, Philadelphia, PA, 19120",6301 N 2ND ST,40.04655012,-75.12324994,Not contacted,No,No,1
3308,Inquiry Charter School,Charter,Elementary,19104,272.0,0.6336,Yes,122,No,0.5402525204044578,9.0,Listed,Listed,15.0,15.0,0.0,2.0,32.0,32.0,Listed,Candidate,250.0,243.0,63% economic need; 0.54 mi fresh access; 9 nearby resources,Cousin's Fresh Market 2 Inc,"5429 W Girard Ave, Philadelphia, PA, 19131",1301 BELMONT AVE,39.97475234,-75.21252924,Not contacted,No,No,1
3309,Imhotep Institute Charter High School,Charter,High,19138,604.0,0.796,Yes,119,No,0.5669685471256715,13.0,Listed,Listed,20.0,15.0,0.0,4.0,39.0,39.0,Listed,Candidate,160.0,148.0,80% economic need; 0.57 mi fresh access; 13 nearby resources,THE FRESH GROCER,"5301 Chew Ave, Philadelphia, PA, 19138",6201 N 21ST ST,40.049427,-75.154717,Not contacted,No,No,1
3310,Laboratory Charter School of Communication and Languages,Charter,Elementary-Middle,19140,375.0,0.8611,Yes,166,No,0.4926131971074626,10.0,Listed,Listed,25.0,10.0,0.0,3.0,38.0,38.0,Listed,Candidate,174.0,166.0,86% economic need; 0.49 mi fresh access; 10 nearby resources,Save A Lot 60136,"400 W Allegheny Ave, Philadelphia, PA, 19133",926 W SEDGLEY AVE,40.001404,-75.145662,Not contacted,No,No,1
3312,Multicultural Academy Charter School,Charter,High,19140,261.0,0.6896,Yes,202,No,0.6981995919796609,9.0,Listed,Listed,15.0,15.0,0.0,2.0,32.0,32.0,Listed,Candidate,249.0,243.0,69% economic need; 0.70 mi fresh access; 9 nearby resources,Save-A-Lot 60138,"4424 N Broad St, Philadelphia, PA, 19140",3821 N BROAD ST,40.01112725,-75.15073123,Not contacted,No,No,1
3313,"Preparatory Charter School of Mathematics, Science, Technology and Careers",Charter,High,19145,590.0,0.75,Yes,244,No,0.6114557457021337,10.0,Listed,Listed,20.0,15.0,0.0,4.0,39.0,39.0,Listed,Candidate,165.0,148.0,75% economic need; 0.61 mi fresh access; 10 nearby resources,Shoprite of Oregon 420,"24th St & Oregon Ave, Philadelphia, PA, 19145",1928 POINT BREEZE AVE,39.92845355,-75.18665686,Not contacted,No,No,1
3314,West Oak Lane Charter School,Charter,Elementary-Middle,19138,1007.0,0.9637,Yes,308,No,0.7878732291050998,8.0,Listed,Listed,30.0,20.0,0.0,5.0,55.0,55.0,Listed,Candidate,24.0,24.0,96% economic need; 0.79 mi fresh access; 8 nearby resources,Save A Lot 45141,"6301 Chew Ave, Philadelphia, PA, 19138",7115 STENTON AVE,40.05936358,-75.16363798,Not contacted,No,No,1
3315,Alliance For Progress Charter School,Charter,Elementary-Middle,19121,616.0,0.927,Yes,15,No,0.21729732764076798,14.0,Listed,Listed,30.0,5.0,0.0,4.0,39.0,39.0,Listed,Candidate,149.0,148.0,93% economic need; 0.22 mi fresh access; 14 nearby resources,Grocery Outlet,"2077 Ridge Ave, Philadelphia, PA, 19121",1722 CECIL B MOORE AVE,39.979731,-75.165471,Not contacted,No,No,1
3318,Freire Charter School,Charter,Middle-High,19103,1072.0,0.7488,Yes,87,No,0.13231860273611198,5.0,Listed,Listed,20.0,5.0,0.0,5.0,30.0,30.0,Listed,Candidate,256.0,253.0,75% economic need; 0.13 mi fresh access; 5 nearby resources,Target 3206,"1900 Chestnut St, Philadelphia, PA, 19103",2027 CHESTNUT ST,39.95247289,-75.17442259,Not contacted,No,No,1
3322,Philadelphia Academy Charter School,Charter,Elementary-Middle-High,19116,1195.0,0.5388,Yes,231,No,0.15913114827820626,3.0,Listed,Listed,10.0,5.0,10.0,5.0,30.0,30.0,Listed,Candidate,261.0,253.0,54% economic need; 0.16 mi fresh access; 3 nearby resources,ShopRite of Roosevelt Blvd 532,"11000 Roosevelt Blvd, Philadelphia, PA, 19116",11000 ROOSEVELT BLVD,40.10358436,-75.01109307,Not contacted,No,No,1
3323,Mastery Charter School at Hardy Williams,Charter,Elementary-Middle-High,19143,1211.0,0.9076,Yes,186,No,0.5418112168210192,10.0,Listed,Listed,30.0,15.0,0.0,5.0,50.0,50.0,Listed,Candidate,41.0,39.0,91% economic need; 0.54 mi fresh access; 10 nearby resources,Mariposa Food Coop,"4824 Baltimore Ave, Philadelphia, PA, 19143",5400 WARRINGTON AVE,39.941562,-75.226447,Not contacted,No,No,1
3326,Universal Institute Charter School,Charter,Elementary-Middle,19146,565.0,0.8049,Yes,302,No,0.1655147608408926,13.0,Listed,Listed,25.0,5.0,0.0,4.0,34.0,34.0,Listed,Candidate,228.0,221.0,80% economic need; 0.17 mi fresh access; 13 nearby resources,Sprouts Farmers Market 850,"1000 S Broad St, Philadelphia, PA, 19146",801 S 15TH ST,39.940931,-75.16794,Not contacted,No,No,1
3328,"Mathematics, Science, and Technology Community Charter School (MaST)",Charter,Elementary-Middle-High,19116,1486.0,0.4112,Yes,196,No,0.5150414769723753,1.0,Listed,Listed,5.0,15.0,20.0,5.0,45.0,45.0,Listed,Candidate,80.0,74.0,41% economic need; 0.52 mi fresh access; 1 nearby resources,ALDI 60191,"12002 Roosevelt Blvd, Philadelphia, PA, 19116",1800 BYBERRY RD,40.113832,-75.005658,Not contacted,No,No,1
3329,Young Scholars Charter School,Charter,Middle,19123,285.0,0.9285,Yes,328,No,0.40122889962049074,11.0,Listed,Listed,30.0,10.0,0.0,2.0,42.0,42.0,Listed,Candidate,104.0,101.0,93% economic need; 0.40 mi fresh access; 11 nearby resources,Giant Heirloom Market 6552,"1004 N 2nd St, Philadelphia, PA, 19123",900 N MARSHALL ST,39.96734659,-75.14799661,Not contacted,No,No,1
3331,Franklin Towne Charter High School,Charter,High,19137,1306.0,0.6071,Yes,86,No,0.30525046391309263,4.0,Listed,Listed,15.0,10.0,5.0,5.0,35.0,35.0,Listed,Candidate,218.0,210.0,61% economic need; 0.31 mi fresh access; 4 nearby resources,ShopRite of Bridge and Harbison 495,"5597 Tulip St, Philadelphia, PA, 19124",5301 TACONY ST,40.007337,-75.066611,Not contacted,No,No,1
3332,Mariana Bracetti Academy Charter School,Charter,Elementary-Middle-High,19124,1520.0,0.8222,Yes,174,No,0.25781245256366847,9.0,Listed,Listed,25.0,10.0,0.0,5.0,40.0,40.0,Listed,Candidate,141.0,133.0,82% economic need; 0.26 mi fresh access; 9 nearby resources,ALDI 60039 60039,"3975 Castor Ave, Philadelphia, PA, 19124",1840 TORRESDALE AVE,40.005757,-75.094146,Not contacted,No,No,1
3333,Esperanza Academy Charter School,Charter,Elementary-Middle-High,19140,2246.0,0.8682,Yes,64,No,0.22184891602670467,10.0,Listed,Listed,25.0,5.0,0.0,5.0,35.0,35.0,Listed,Candidate,210.0,210.0,87% economic need; 0.22 mi fresh access; 10 nearby resources,COUSINS SUPERMARKET INC. #2,"4037 N 5th St, Philadelphia, PA, 19140",301 W HUNTING PARK AVE,40.01478539,-75.13232396,Not contacted,No,No,1
3334,New Foundations Charter School,Charter,Elementary-Middle-High,19136,1538.0,0.7084,Yes,204,No,1.387323730005554,2.0,Listed,Listed,20.0,25.0,15.0,5.0,65.0,65.0,Listed,Candidate,3.0,3.0,71% economic need; 1.39 mi fresh access; 2 nearby resources,SAVE-A-LOT 60132,"6801 Frankford Ave, Philadelphia, PA, 19135",8001 TORRESDALE AVE,40.03507,-75.024187,Not contacted,No,No,1
3335,People for People Charter School,Charter,Elementary-Middle-High,19130,556.0,0.9981,Yes,230,No,0.1443955007665691,11.0,Listed,Listed,30.0,5.0,0.0,4.0,39.0,39.0,Listed,Candidate,148.0,148.0,100% economic need; 0.14 mi fresh access; 11 nearby resources,Aldi 60169,"1300 Fairmount Ave, Philadelphia, PA, 19123",800 N BROAD ST,39.96810141,-75.16067477,Not contacted,No,No,1
3336,Philadelphia Performing Arts Charter School,Charter,Elementary-Middle-High,19145,2484.0,0.6301,Yes,241,No,0.4624721430463569,5.0,Listed,Listed,15.0,10.0,0.0,5.0,30.0,30.0,Listed,Candidate,259.0,253.0,63% economic need; 0.46 mi fresh access; 5 nearby resources,ACME 4715,"1901 Johnston St, Philadelphia, PA, 19145",2600 S BROAD ST,39.91777662,-75.17166577,Not contacted,No,No,1
3337,Global Leadership Academy Charter School,Charter,Elementary-Middle,19131,704.0,0.7332,Yes,100,No,0.3658513855331566,9.0,Listed,Listed,20.0,10.0,0.0,5.0,35.0,35.0,Listed,Candidate,215.0,210.0,73% economic need; 0.37 mi fresh access; 9 nearby resources,Cousin's Fresh Market 2 Inc,"5429 W Girard Ave, Philadelphia, PA, 19131",4601 W GIRARD AVE,39.97335953,-75.2154352,Not contacted,No,No,1
3341,Independence Charter School,Charter,Elementary-Middle,19146,815.0,0.5465,Yes,121,No,0.20679124402661642,10.0,Listed,Listed,10.0,5.0,0.0,5.0,20.0,20.0,Listed,Candidate,280.0,279.0,55% economic need; 0.21 mi fresh access; 10 nearby resources,Rittenhouse Market,"1733 Spruce St, Philadelphia, PA, 19103",1600 LOMBARD ST,39.94496682,-75.16855598,Not contacted,No,No,1
3353,KIPP DuBois Charter School,Charter,High,19131,504.0,0.5964,Yes,161,No,0.2538288653515859,5.0,Listed,Listed,10.0,10.0,0.0,4.0,24.0,24.0,Listed,Candidate,272.0,272.0,60% economic need; 0.25 mi fresh access; 5 nearby resources,Shoprite of Parkside 419,"1575 N 52nd St, Philadelphia, PA, 19131",5070 PARKSIDE AVE,39.98043019,-75.22085032,Not contacted,No,No,1
3357,West Philadelphia Achievement Charter School,Charter,Elementary,19151,613.0,1.0,Yes,309,No,0.5275306350400152,7.0,Listed,Listed,30.0,15.0,0.0,4.0,49.0,49.0,Listed,Candidate,46.0,46.0,100% economic need; 0.53 mi fresh access; 7 nearby resources,Al Aqsa Supermarket,"6501 Market St, Upper Darby, PA, 19082",6701 CALLOWHILL ST,39.970667,-75.254111,Not contacted,No,No,1
3358,Philadelphia Electrical and Technology Charter High School,Charter,High,19103,627.0,0.8709,Yes,233,No,0.34797554224224214,7.0,Listed,Listed,25.0,10.0,0.0,4.0,39.0,39.0,Listed,Candidate,152.0,148.0,87% economic need; 0.35 mi fresh access; 7 nearby resources,Trader Joe's 618,"1324 Arch St, Philadelphia, PA, 19107",1709 BENJAMIN FRANKLIN PKWY,39.9566589,-75.1681729,Not contacted,No,No,1
3359,Richard Allen Preparatory Charter School,Charter,Middle,19143,309.0,1.0,Yes,248,No,0.41092523794122804,7.0,Listed,Listed,30.0,10.0,0.0,2.0,42.0,42.0,Listed,Candidate,101.0,101.0,100% economic need; 0.41 mi fresh access; 7 nearby resources,SAVE-A-LOT 60135,"5800 Woodland Ave, Philadelphia, PA, 19143",2601 S 58TH ST,39.92809187,-75.21926743,Not contacted,No,No,1
3360,Russell Byers Charter School,Charter,Elementary-Middle,19103,681.0,0.9747,Yes,257,No,0.28034979991197007,5.0,Listed,Listed,30.0,10.0,0.0,4.0,44.0,44.0,Listed,Candidate,83.0,81.0,97% economic need; 0.28 mi fresh access; 5 nearby resources,Trader Joe's 634,"2121 Market St, Philadelphia, PA, 19103",1911 ARCH ST,39.95594922,-75.17155064,Not contacted,No,No,1
3361,Mastery Charter High School,Charter,Middle-High,19106,614.0,0.8921,Yes,181,No,0.3274891272938362,3.0,Listed,Listed,25.0,10.0,10.0,4.0,49.0,49.0,Listed,Candidate,49.0,46.0,89% economic need; 0.33 mi fresh access; 3 nearby resources,Riverwards Produce,"146 N Bread St, Philadelphia, PA, 19106",35 S 4TH ST,39.94950579,-75.14734776,Not contacted,No,No,1
3362,Wissahickon Charter School,Charter,Elementary-Middle,19144,998.0,0.7295,Yes,326,No,0.30447532178112,4.0,Listed,Listed,20.0,10.0,5.0,5.0,40.0,40.0,Listed,Candidate,147.0,133.0,73% economic need; 0.30 mi fresh access; 4 nearby resources,Shoprite of Fox Street 430,"2800 Fox Street, Philadelphia, PA, 19129",4700 WISSAHICKON AVE,40.01537246,-75.17405347,Not contacted,No,No,1
3364,First Philadelphia Preparatory Charter School,Charter,Elementary-Middle-High,19124,1880.0,0.7978,Yes,75,No,0.7517817420166505,7.0,Listed,Listed,20.0,20.0,0.0,5.0,45.0,45.0,Listed,Candidate,76.0,74.0,80% economic need; 0.75 mi fresh access; 7 nearby resources,Walmart 5891,"2200 Wheatsheaf Ln, Philadelphia, PA, 19137",4300 TACONY ST,40.00719991,-75.08240619,Not contacted,No,No,1
3365,Green Woods Charter School,Charter,Elementary-Middle,19128,716.0,0.3229,Yes,103,No,0.13618843029652308,0.0,Listed,Listed,0.0,5.0,25.0,5.0,35.0,35.0,Listed,Candidate,220.0,210.0,32% economic need; 0.14 mi fresh access; 0 nearby resources,Target 3247,"7162 Ridge Ave, Philadelphia, PA, 19128",468 DOMINO LN,40.04416378,-75.23385852,Not contacted,No,No,1
3366,Maritime Academy Charter School,Charter,Elementary-Middle-High,19137,833.0,0.8828,Yes,175,No,0.27346367730613097,6.0,Listed,Listed,25.0,10.0,0.0,5.0,40.0,40.0,Listed,Candidate,135.0,133.0,88% economic need; 0.27 mi fresh access; 6 nearby resources,ShopRite of Bridge and Harbison 495,"5597 Tulip St, Philadelphia, PA, 19124",2275 BRIDGE ST,40.007862,-75.068318,Not contacted,No,No,1
3368,Belmont Elementary Charter School,Charter,Elementary-Middle-High,19104,928.0,0.7881,Yes,28,No,0.6838871792685546,12.0,Listed,Listed,20.0,15.0,0.0,5.0,40.0,40.0,Listed,Candidate,143.0,133.0,79% economic need; 0.68 mi fresh access; 12 nearby resources,ALDI 54,"4421 Market St, Philadelphia, PA, 19104",4030 BROWN ST,39.96696484,-75.20487093,Not contacted,No,No,1
3370,KIPP Philadelphia Charter School,Charter,Elementary-Middle,19132,845.0,0.6643,Yes,164,No,0.4278518155031602,8.0,Listed,Listed,15.0,10.0,0.0,5.0,30.0,30.0,Listed,Candidate,257.0,253.0,66% economic need; 0.43 mi fresh access; 8 nearby resources,Shop Mark Supermarket,"2522 W Lehigh Ave, Philadelphia, PA, 19132",2600 W CLEARFIELD ST,40.0023048,-75.1736095,Not contacted,No,No,1
3372,The Jacquelyn Y. Kelley Discovery Charter School,Charter,Elementary-Middle,19131,641.0,0.7786,Yes,285,No,0.5957118551503593,6.0,Listed,Listed,20.0,15.0,0.0,4.0,39.0,39.0,Listed,Candidate,163.0,148.0,78% economic need; 0.60 mi fresh access; 6 nearby resources,Cousin's Fresh Market 2 Inc,"5429 W Girard Ave, Philadelphia, PA, 19131",4700 PARKSIDE AVE,39.97770823,-75.21350485,Not contacted,No,No,1
3378,Philadelphia Montessori Charter School,Charter,Elementary,19142,249.0,0.6706,Yes,240,No,0.9119131589302997,1.0,Listed,Listed,15.0,20.0,20.0,2.0,57.0,57.0,Listed,Candidate,23.0,20.0,67% economic need; 0.91 mi fresh access; 1 nearby resources,Cousin's Fresh Market Inc,"6411 Woodland Ave, Philadelphia, PA, 19142",2227 ISLAND RD,39.91656437,-75.24515327,Not contacted,No,No,1
3379,Ad Prima Charter School,Charter,Elementary-Middle,19151,617.0,0.9274,Yes,8,No,1.2644636123923818,4.0,Listed,Listed,30.0,25.0,5.0,4.0,64.0,64.0,Listed,Candidate,5.0,4.0,93% economic need; 1.26 mi fresh access; 4 nearby resources,Shoprite of Parkside 419,"1575 N 52nd St, Philadelphia, PA, 19131",1922 N 63RD ST,39.984296,-75.24786,Not contacted,No,No,1
3383,Mastery Charter School at Shoemaker,Charter,Middle-High,19131,733.0,0.7243,Yes,191,No,0.2689432737347327,10.0,Listed,Listed,20.0,10.0,0.0,5.0,35.0,35.0,Listed,Candidate,216.0,210.0,72% economic need; 0.27 mi fresh access; 10 nearby resources,Shoprite of Parkside 419,"1575 N 52nd St, Philadelphia, PA, 19131",5301 MEDIA ST,39.975799,-75.228437,Not contacted,No,No,1
3384,Folk Arts-Cultural Treasures Charter School,Charter,Elementary-Middle,19123,497.0,0.4314,Yes,77,No,0.278375649317113,11.0,Listed,Listed,5.0,10.0,0.0,3.0,18.0,18.0,Listed,Candidate,282.0,281.0,43% economic need; 0.28 mi fresh access; 11 nearby resources,Asianfresh,"142 N 10th St, Philadelphia, PA, 19107",1023 CALLOWHILL ST,39.95885103,-75.15551365,Not contacted,No,No,1
3385,Mastery Charter School at Thomas Campus,Charter,Elementary-Middle-High,19148,1269.0,0.9098,Yes,193,No,0.4334812176688275,4.0,Listed,Listed,30.0,10.0,5.0,5.0,50.0,50.0,Listed,Candidate,40.0,39.0,91% economic need; 0.43 mi fresh access; 4 nearby resources,ShopRite of Whitman Plaza 411,"330 W Oregon Ave, Philadelphia, PA, 19148",927 JOHNSTON ST,39.91454096,-75.16358831,Not contacted,No,No,1
3386,Northwood Academy Charter School,Charter,Elementary-Middle,19124,801.0,0.7506,Yes,208,No,0.05113627391127856,6.0,Listed,Listed,20.0,5.0,0.0,5.0,30.0,30.0,Listed,Candidate,255.0,253.0,75% economic need; 0.05 mi fresh access; 6 nearby resources,Castor Avenue Market LLC,"900 E Orthodox St, Philadelphia, PA, 19124",4621 CASTOR AVE,40.02015006,-75.09523811,Not contacted,No,No,1
3388,Boys' Latin of Philadelphia Charter School,Charter,Middle-High,19143,768.0,0.6551,Yes,33,No,0.4388392431974225,11.0,Listed,Listed,15.0,10.0,0.0,5.0,30.0,30.0,Listed,Candidate,258.0,253.0,66% economic need; 0.44 mi fresh access; 11 nearby resources,Cousin's Fresh Market 3 Llc,"5704 Baltimore Ave, Philadelphia, PA, 19143",5501 CEDAR AVE,39.95172558,-75.23374851,Not contacted,No,No,1
3389,Keystone Academy Charter School,Charter,Elementary-Middle,19135,649.0,0.723,Yes,160,No,0.46155674922950946,6.0,Listed,Listed,20.0,10.0,0.0,4.0,34.0,34.0,Listed,Candidate,230.0,221.0,72% economic need; 0.46 mi fresh access; 6 nearby resources,SAVE-A-LOT 60132,"6801 Frankford Ave, Philadelphia, PA, 19135",4521 LONGSHORE AVE,40.0276042,-75.0435822,Not contacted,No,No,1
3392,Southwest Leadership Academy Charter School,Charter,Elementary-Middle,19142,690.0,1.0,Yes,273,No,0.7433139904360148,2.0,Listed,Listed,30.0,15.0,15.0,4.0,64.0,64.0,Listed,Candidate,4.0,4.0,100% economic need; 0.74 mi fresh access; 2 nearby resources,Cousin's Fresh Market Inc,"6411 Woodland Ave, Philadelphia, PA, 19142",7101 PASCHALL AVE,39.918099,-75.2426,Not contacted,No,No,1
3393,Mastery Charter School at Pickett,Charter,Middle-High,19144,903.0,0.8035,Yes,190,No,0.07664691852288112,15.0,Listed,Listed,25.0,5.0,0.0,5.0,35.0,35.0,Listed,Candidate,211.0,210.0,80% economic need; 0.08 mi fresh access; 15 nearby resources,Save A Lot 24858,"5834 Pulaski Ave, Philadelphia, PA, 19144",5700 WAYNE AVE,40.03187441,-75.18087124,Not contacted,No,No,1
3394,Pan American Academy Charter School,Charter,Elementary-Middle,19133,767.0,0.8617,Yes,221,No,0.30659980523741776,12.0,Listed,Listed,25.0,10.0,0.0,5.0,40.0,40.0,Listed,Candidate,138.0,133.0,86% economic need; 0.31 mi fresh access; 12 nearby resources,JC 131 West Corp/Fine Fare,"131 W Lehigh Ave, Philadelphia, PA, 19133",2830 N AMERICAN ST,39.99428061,-75.13614883,Not contacted,No,No,1
3395,Antonia Pantoja Charter School,Charter,Elementary-Middle,19140,746.0,0.8,Yes,23,No,0.22446280484791564,10.0,Listed,Listed,25.0,5.0,0.0,5.0,35.0,35.0,Listed,Candidate,212.0,210.0,80% economic need; 0.22 mi fresh access; 10 nearby resources,COUSINS SUPERMARKET INC. #2,"4037 N 5th St, Philadelphia, PA, 19140",4101 N AMERICAN ST,40.01300525,-75.13136564,Not contacted,No,No,1
3399,Sankofa Freedom Academy Charter School,Charter,Elementary-Middle-High,19125,647.0,0.8207,Yes,265,No,0.3324457649222782,10.0,Listed,Listed,25.0,10.0,0.0,4.0,39.0,39.0,Listed,Candidate,157.0,148.0,82% economic need; 0.33 mi fresh access; 10 nearby resources,JC 131 West Corp/Fine Fare,"131 W Lehigh Ave, Philadelphia, PA, 19133",2501 KENSINGTON AVE,39.987082,-75.128641,Not contacted,No,No,1
3403,Franklin Towne Charter Elementary School,Charter,Elementary-Middle,19137,958.0,0.6767,Yes,85,No,0.8080187816176461,1.0,Listed,Listed,15.0,20.0,20.0,5.0,60.0,60.0,Listed,Candidate,13.0,10.0,68% economic need; 0.81 mi fresh access; 1 nearby resources,Pjp Marketplace,"3899 Aramingo Ave, Philadelphia, PA, 19137",4259 RICHMOND ST,39.99551599,-75.07472434,Not contacted,No,No,1
3404,Tacony Academy Charter School,Charter,Elementary-Middle-High,19111,1090.0,0.7204,Yes,280,No,0.7784790588441283,0.0,Listed,Listed,20.0,20.0,25.0,5.0,70.0,70.0,Listed,Candidate,1.0,1.0,72% economic need; 0.78 mi fresh access; 0 nearby resources,Bell's Market,"8330 Bustleton Ave, Philadelphia, PA, 19152",1330 RHAWN ST,40.06684222,-75.06598353,Not contacted,No,No,1
3407,Mastery Charter School at Harrity,Charter,Elementary-Middle,19143,753.0,0.9907,Yes,187,No,0.20122199767020996,9.0,Listed,Listed,30.0,5.0,0.0,5.0,40.0,40.0,Listed,Candidate,133.0,133.0,99% economic need; 0.20 mi fresh access; 9 nearby resources,Cousin's Fresh Market 3 Llc,"5704 Baltimore Ave, Philadelphia, PA, 19143",5601 CHRISTIAN ST,39.94852458,-75.23548525,Not contacted,No,No,1
3408,Mastery Charter School at Mann,Charter,Elementary,19131,549.0,0.8836,Yes,188,No,0.5945903602967978,5.0,Listed,Listed,25.0,15.0,0.0,4.0,44.0,44.0,Listed,Candidate,85.0,81.0,88% economic need; 0.59 mi fresh access; 5 nearby resources,Shoprite of Parkside 419,"1575 N 52nd St, Philadelphia, PA, 19131",5376 W BERKS ST,39.98590147,-75.2313266,Not contacted,No,No,1
3409,Mastery Charter School at Smedley,Charter,Elementary,19124,737.0,0.8631,Yes,192,No,0.25579541821587615,10.0,Listed,Listed,25.0,10.0,0.0,5.0,40.0,40.0,Listed,Candidate,137.0,133.0,86% economic need; 0.26 mi fresh access; 10 nearby resources,Cousins Grocery Market Inc.,"1607 Bridge St, Philadelphia, PA, 19124",1790 BRIDGE ST,40.019786,-75.073892,Not contacted,No,No,1
3412,Mastery Charter School at Douglass,Charter,Elementary-Middle,19121,559.0,0.9928,Yes,184,No,0.4619067252778815,19.0,Listed,Listed,30.0,10.0,0.0,4.0,44.0,44.0,Listed,Candidate,81.0,81.0,99% economic need; 0.46 mi fresh access; 19 nearby resources,Sharswood Grocery Outlet 731,"2077 Ridge Ave, Philadelphia, PA, 19121",2118 W NORRIS ST,39.98461532,-75.16846267,Not contacted,No,No,1
3415,Mastery Charter School at Clymer,Charter,Elementary,19133,417.0,0.9808,Yes,183,No,0.36645928419428137,14.0,Listed,Listed,30.0,10.0,0.0,3.0,43.0,43.0,Listed,Candidate,90.0,90.0,98% economic need; 0.37 mi fresh access; 14 nearby resources,Save A Lot 60139,"701 W Lehigh Ave, Philadelphia, PA, 19133",1201 W RUSH ST,39.99565934,-75.15034419,Not contacted,No,No,1
3416,Mastery Charter School at Gratz,Charter,Middle-High,19140,1097.0,0.8847,Yes,185,No,0.6186829559647802,8.0,Listed,Listed,25.0,15.0,0.0,5.0,45.0,45.0,Listed,Candidate,74.0,74.0,88% economic need; 0.62 mi fresh access; 8 nearby resources,Save-A-Lot 60138,"4424 N Broad St, Philadelphia, PA, 19140",1798 W HUNTING PARK AVE,40.01453965,-75.15660685,Not contacted,No,No,1
3417,Universal Charter School at Audenried,Charter,High,19145,606.0,0.9783,Yes,300,No,0.45171754911048706,6.0,Listed,Listed,30.0,10.0,0.0,4.0,44.0,44.0,Listed,Candidate,82.0,81.0,98% economic need; 0.45 mi fresh access; 6 nearby resources,The Fresh Grocer Of Grays Ferry,"3021 Grays Ferry Ave, Philadelphia, PA, 19146",3301 TASKER ST,39.933737,-75.19859,Not contacted,No,No,1
3419,General David B. Birney Charter School,Charter,Elementary-Middle,19141,721.0,0.9188,Yes,89,No,0.6974453007678229,11.0,Listed,Listed,30.0,15.0,0.0,5.0,50.0,50.0,Listed,Candidate,39.0,39.0,92% economic need; 0.70 mi fresh access; 11 nearby resources,GFM Food Corporation,"180 W Duncannon Ave, Philadelphia, PA, 19120",900 LINDLEY AVE,40.02954904,-75.13883269,Not contacted,No,No,1
3420,Mastery Charter School at Cleveland,Charter,Elementary-Middle,19140,699.0,0.9414,No,182,No,0.85093629160972,5.0,Listed,Listed,30.0,20.0,0.0,4.0,54.0,54.0,Listed,Outside scope,,,94% economic need; 0.85 mi fresh access; 5 nearby resources,Shoprite of Fox Street 430,"2800 Fox Street, Philadelphia, PA, 19129",3701 N 19TH ST,40.01027824,-75.15908455,Not contacted,No,No,0
3421,Universal Charter School at Creighton,Charter,Elementary-Middle,19120,652.0,0.8157,Yes,301,No,0.14388906543772775,6.0,Listed,Listed,25.0,5.0,0.0,4.0,34.0,34.0,Listed,Candidate,227.0,221.0,82% economic need; 0.14 mi fresh access; 6 nearby resources,722 Adams Meat Corp/Ideal Food Basket,"722 Adams Ave, Philadelphia, PA, 19124",5401 TABOR AVE,40.03404277,-75.10586492,Not contacted,No,No,1
3422,The Philadelphia Charter School for Arts and Sciences,Charter,Elementary-Middle,19124,837.0,0.8432,Yes,287,No,0.5309457400886154,7.0,Listed,Listed,25.0,15.0,0.0,5.0,45.0,45.0,Listed,Candidate,75.0,74.0,84% economic need; 0.53 mi fresh access; 7 nearby resources,Cousins Grocery Market Inc.,"1607 Bridge St, Philadelphia, PA, 19124",1197 HAWORTH ST,40.02423246,-75.08599631,Not contacted,No,No,1
3424,Universal Charter School at Alcorn,Charter,Elementary-Middle,19146,473.0,0.8322,Yes,299,No,0.3274344983886211,8.0,Listed,Listed,25.0,10.0,0.0,3.0,38.0,38.0,Listed,Candidate,176.0,166.0,83% economic need; 0.33 mi fresh access; 8 nearby resources,The Fresh Grocer Of Grays Ferry,"3021 Grays Ferry Ave, Philadelphia, PA, 19146",3200 DICKINSON ST,39.935499,-75.197771,Not contacted,No,No,1
3426,Mastery Charter School at Pastorius,Charter,Elementary-Middle,19138,688.0,0.8602,No,189,No,0.4645217783625057,17.0,Listed,Listed,25.0,10.0,0.0,4.0,39.0,39.0,Listed,Outside scope,,,86% economic need; 0.46 mi fresh access; 17 nearby resources,THE FRESH GROCER,"5301 Chew Ave, Philadelphia, PA, 19138",5650 SPRAGUE ST,40.048208,-75.161424,Not contacted,No,No,0
3427,Mastery Charter School at Wister,Charter,Elementary,19144,505.0,0.998,Yes,194,No,0.6254119000452193,19.0,Listed,Listed,30.0,15.0,0.0,4.0,49.0,49.0,Listed,Candidate,47.0,46.0,100% economic need; 0.63 mi fresh access; 19 nearby resources,Chelten Market Inc,"176-82 W Chelten Ave, Philadelphia, PA, 19144",67 E BRINGHURST ST,40.03288146,-75.16672063,Not contacted,No,No,1
3428,Global Leadership Academy Charter School Southwest at Huey,Charter,Elementary-Middle,19143,611.0,0.825,Yes,101,No,0.4443352670074507,11.0,Listed,Listed,25.0,10.0,0.0,4.0,39.0,39.0,Listed,Candidate,156.0,148.0,83% economic need; 0.44 mi fresh access; 11 nearby resources,Afor Market Philadelphia Llc,"5228 Market St, Philadelphia, PA, 19139",5200 PINE ST,39.95332691,-75.22685833,Not contacted,No,No,1
3436,KIPP Octavius Catto Charter School,Charter,Elementary,19139,476.0,0.5635,No,163,No,0.08897856392579075,15.0,Listed,Listed,10.0,5.0,0.0,3.0,18.0,18.0,Listed,Outside scope,,,56% economic need; 0.09 mi fresh access; 15 nearby resources,ALDI 54,"4421 Market St, Philadelphia, PA, 19104",4601 MARKET ST,39.959724,-75.21459105,Not contacted,No,No,0
3437,KIPP North Philadelphia Charter School,Charter,Elementary,19132,705.0,0.5904,Yes,162,No,0.47647430656461814,16.0,Listed,Listed,10.0,10.0,0.0,5.0,25.0,25.0,Listed,Candidate,271.0,269.0,59% economic need; 0.48 mi fresh access; 16 nearby resources,Save-A-Lot 60142,"2101 W Lehigh Ave, Philadelphia, PA, 19132",2539 N 16TH ST,39.99193,-75.158212,Not contacted,No,No,1
3438,Deep Roots Charter School,Charter,Elementary,19134,343.0,0.9074,Yes,50,No,0.36937979163708123,7.0,Listed,Listed,30.0,10.0,0.0,2.0,42.0,42.0,Listed,Candidate,108.0,101.0,91% economic need; 0.37 mi fresh access; 7 nearby resources,ALDI 60205,"3500 Aramingo Ave, Philadelphia, PA, 19134",3556 FRANKFORD AVE,39.998066,-75.101664,Not contacted,No,No,1
3439,Mastery Prep Elementary Charter School,Charter,Elementary,19140,602.0,0.9152,Yes,195,No,0.6599867386622097,9.0,Listed,Listed,30.0,15.0,0.0,4.0,49.0,49.0,Listed,Candidate,48.0,46.0,92% economic need; 0.66 mi fresh access; 9 nearby resources,Save-A-Lot 60138,"4424 N Broad St, Philadelphia, PA, 19140",1801 W PIKE ST,40.013457,-75.156128,Not contacted,No,No,1
3440,MaST Community Charter School II,Charter,Elementary-High,19135,1903.0,0.5451,Yes,179,No,0.4744588509045966,3.0,Listed,Listed,10.0,10.0,10.0,5.0,35.0,35.0,Listed,Candidate,219.0,210.0,55% economic need; 0.47 mi fresh access; 3 nearby resources,6327 Meat Corp DBA Food Town,"6327 Torresdale Ave, Philadelphia, PA, 19135",6501 STATE RD,40.017476,-75.044372,Not contacted,No,No,1
3441,TECH Freire Charter School,Charter,High,19132,565.0,0.7932,Yes,282,No,0.715649751295581,16.0,Listed,Listed,20.0,15.0,0.0,4.0,39.0,39.0,Listed,Candidate,162.0,148.0,79% economic need; 0.72 mi fresh access; 16 nearby resources,Cousins Supermarket Inc 1,"1943 N 6th St, Philadelphia, PA, 19122",2221 N BROAD ST,39.986869,-75.155669,Not contacted,No,No,1
3442,Impact Charter School West,Charter,Elementary-Middle,19143,833.0,0.874,Yes,120,No,0.36316271827883184,10.0,Listed,Listed,25.0,10.0,0.0,5.0,40.0,40.0,Listed,Candidate,136.0,133.0,87% economic need; 0.36 mi fresh access; 10 nearby resources,SAVE-A-LOT 60135,"5800 Woodland Ave, Philadelphia, PA, 19143",5600 CHESTER AVE,39.93731366,-75.22614036,Not contacted,No,No,1
3443,KIPP West Philadelphia Charter School,Charter,Elementary,19131,823.0,,Yes,165,No,0.22272035791186792,5.0,Listed,Listed,,5.0,0.0,5.0,,,Listed,Missing data,,,Missing demographic or access input,Shoprite of Parkside 419,"1575 N 52nd St, Philadelphia, PA, 19131",5070 PARKSIDE AVE,39.9796873,-75.2210853,Not contacted,No,No,0
3445,MAST Community Charter School III,Charter,Elementary,19154,1328.0,0.6847,Yes,180,No,0.565669031699028,1.0,Listed,Listed,15.0,15.0,20.0,5.0,55.0,55.0,Listed,Candidate,30.0,24.0,68% economic need; 0.57 mi fresh access; 1 nearby resources,ALDI 60191,"12002 Roosevelt Blvd, Philadelphia, PA, 19116",1 CROWN WAY,40.109575,-74.991671,Not contacted,No,No,1
3446,Philadelphia Hebrew Public Charter School,Charter,Elementary,19129,614.0,0.7869,Yes,234,No,0.4940020933208758,3.0,Listed,Listed,20.0,10.0,10.0,4.0,44.0,44.0,Listed,Candidate,88.0,81.0,79% economic need; 0.49 mi fresh access; 3 nearby resources,Shoprite of Fox Street 430,"2800 Fox Street, Philadelphia, PA, 19129",3300 HENRY AVE,40.012045,-75.184376,Not contacted,No,No,1
3510,El Centro de Estudiantes,Contracted,Transition/Overage School,19134,146.0,,No,60,No,0.4575694465003808,7.0,Listed,Listed,,10.0,0.0,1.0,,,Listed,Outside scope,,,Missing demographic or access input,ALDI 60205,"3500 Aramingo Ave, Philadelphia, PA, 19134",3360 FRANKFORD AVE,39.99560895,-75.10661699,Not contacted,No,No,0
3810,One Bright Ray - Elmwood,Contracted,Transition/Overage School,19142,102.0,,No,213,No,0.36299937586084763,5.0,Listed,Listed,,10.0,0.0,1.0,,,Listed,Outside scope,,,Missing demographic or access input,Cousin's Fresh Market Inc,"6411 Woodland Ave, Philadelphia, PA, 19142",6404 ELMWOOD AVE,39.92251591,-75.22908493,Not contacted,No,No,0
3820,Achieve Academy of Philadelphia - East Campus,Contracted,Transition/Overage School,19140,46.0,,No,7,No,0.5181636732430546,10.0,Listed,Listed,,15.0,0.0,1.0,,,Listed,Outside scope,,,Missing demographic or access input,COUSINS SUPERMARKET INC. #2,"4037 N 5th St, Philadelphia, PA, 19140",4224 N FRONT ST,40.01425525,-75.12599679,Not contacted,No,No,0
3850,Northeast High School EOP,District,Transition/Overage School,19111,185.0,,Yes,207,No,0.38029979381130363,0.0,Listed,Listed,,10.0,25.0,1.0,,,Listed,Missing data,,,Missing demographic or access input,Jumbo Meat Market,"7322 Castor Ave, Philadelphia, PA, 19152",1601 COTTMAN AVE,40.055681,-75.071168,Not contacted,No,No,0
3880,South Philadelphia High School EOP,District,Transition/Overage School,19148,121.0,,Yes,271,No,0.0677150100802512,10.0,Listed,Listed,,5.0,0.0,1.0,,,Listed,Missing data,,,Missing demographic or access input,South Philly Food Co-op,"2031 S Juniper St, Philadelphia, PA, 19148",2101 S BROAD ST,39.9238987,-75.1691065,Not contacted,No,No,0
4020,Overbrook High School,District,High,19131,466.0,0.8232,Yes,220,No,0.7295328361844429,8.0,Listed,Listed,25.0,15.0,0.0,3.0,43.0,43.0,Listed,Candidate,97.0,90.0,82% economic need; 0.73 mi fresh access; 8 nearby resources,Shoprite of Parkside 419,"1575 N 52nd St, Philadelphia, PA, 19131",5898 LANCASTER AVE,39.981028,-75.238556,Not contacted,No,No,1
4030,Carver High School of Engineering and Science,District,Middle-High,19121,906.0,0.5444,Yes,36,No,0.5124788652780752,13.0,Listed,Listed,10.0,15.0,0.0,5.0,30.0,30.0,Listed,Candidate,260.0,253.0,54% economic need; 0.51 mi fresh access; 13 nearby resources,The Fresh Grocer,"1501 N Broad St, Philadelphia, PA, 19122",1600 W NORRIS ST,39.98341809,-75.16127789,Not contacted,No,No,1
4060,Murrell Dobbins Career and Technical High School,District,High,19132,535.0,0.9064,Yes,203,No,0.04483946969533602,14.0,Listed,Listed,30.0,5.0,0.0,4.0,39.0,39.0,Listed,Candidate,150.0,148.0,91% economic need; 0.04 mi fresh access; 14 nearby resources,Save-A-Lot 60142,"2101 W Lehigh Ave, Philadelphia, PA, 19132",2150 W LEHIGH AVE,39.9954293,-75.16679334,Not contacted,No,No,1
4140,Strawberry Mansion High School,District,High,19121,275.0,0.8735,Yes,278,No,0.325702508834255,12.0,Listed,Listed,25.0,10.0,0.0,2.0,37.0,37.0,Listed,Candidate,190.0,182.0,87% economic need; 0.33 mi fresh access; 12 nearby resources,SAVE-A-LOT 60146,"2801 W Dauphin St, Philadelphia, PA, 19132",3133 RIDGE AVE,39.99074371,-75.18402464,Not contacted,No,No,1
4220,James G. Blaine School,District,Elementary-Middle,19121,299.0,0.8944,Yes,126,No,0.4687072444951352,11.0,Listed,Listed,25.0,10.0,0.0,2.0,37.0,37.0,Listed,Candidate,186.0,182.0,89% economic need; 0.47 mi fresh access; 11 nearby resources,SAVE-A-LOT 60146,"2801 W Dauphin St, Philadelphia, PA, 19132",3001 W BERKS ST,39.98521297,-75.18293887,Not contacted,No,No,1
4240,Lewis C. Cassidy Academics Plus School,District,Elementary-Middle,19151,363.0,0.7479,Yes,170,No,0.8875990918896205,6.0,Listed,Listed,20.0,20.0,0.0,3.0,43.0,43.0,Listed,Candidate,99.0,90.0,75% economic need; 0.89 mi fresh access; 6 nearby resources,Al Aqsa Supermarket,"6501 Market St, Upper Darby, PA, 19082",6523 LANSDOWNE AVE,39.97551874,-75.25077443,Not contacted,No,No,1
4270,William Dick School,District,Elementary-Middle,19121,306.0,0.9638,Yes,316,No,0.35343027900899937,18.0,Listed,Listed,30.0,10.0,0.0,2.0,42.0,42.0,Listed,Candidate,102.0,101.0,96% economic need; 0.35 mi fresh access; 18 nearby resources,SAVE-A-LOT 60146,"2801 W Dauphin St, Philadelphia, PA, 19132",2498 W DIAMOND ST,39.98673,-75.173787,Not contacted,No,No,1
4280,Samuel Gompers School,District,Elementary-Middle,19131,236.0,0.7203,Yes,262,No,1.0969192688329938,3.0,Listed,Listed,20.0,25.0,10.0,2.0,57.0,57.0,Listed,Candidate,22.0,20.0,72% economic need; 1.10 mi fresh access; 3 nearby resources,ACME 3711,"121 E City Ave, Bala Cynwyd, PA, 19004",5701 WYNNEFIELD AVE,39.99205763,-75.23754028,Not contacted,No,No,1
4300,Edward Heston School,District,Elementary-Middle,19131,219.0,0.9111,Yes,56,No,0.2522378203302679,11.0,Listed,Listed,30.0,10.0,0.0,2.0,42.0,42.0,Listed,Candidate,107.0,101.0,91% economic need; 0.25 mi fresh access; 11 nearby resources,Shoprite of Parkside 419,"1575 N 52nd St, Philadelphia, PA, 19131",1621 N 54TH ST,39.977852,-75.229727,Not contacted,No,No,1
4320,Robert E. Lamberton School,District,Elementary-Middle,19151,362.0,0.8355,Yes,252,No,0.3189351358977049,0.0,Listed,Listed,25.0,10.0,25.0,3.0,63.0,63.0,Listed,Candidate,8.0,7.0,84% economic need; 0.32 mi fresh access; 0 nearby resources,ALDI 60024 60024,"1911 N 76th St, Philadelphia, PA, 19151",7501 WOODBINE AVE,39.975465,-75.266329,Not contacted,No,No,1
4350,E. Washington Rhodes School,District,Elementary-Middle,19132,350.0,0.9248,Yes,53,No,0.5272856449124409,9.0,Listed,Listed,30.0,15.0,0.0,3.0,48.0,48.0,Listed,Candidate,57.0,56.0,92% economic need; 0.53 mi fresh access; 9 nearby resources,Shop Mark Supermarket,"2522 W Lehigh Ave, Philadelphia, PA, 19132",2900 W CLEARFIELD ST,40.00275594,-75.17812979,Not contacted,No,No,1
4360,Kenderton School,District,Elementary-Middle,19140,271.0,0.9125,Yes,155,No,0.9017672767855051,10.0,Listed,Listed,30.0,20.0,0.0,2.0,52.0,52.0,Listed,Candidate,36.0,36.0,91% economic need; 0.90 mi fresh access; 10 nearby resources,Save-A-Lot 60142,"2101 W Lehigh Ave, Philadelphia, PA, 19132",1500 W ONTARIO ST,40.00494,-75.154241,Not contacted,No,No,1
4370,Overbrook Elementary School,District,Elementary-Middle,19151,215.0,0.8558,Yes,219,No,1.124738261070969,6.0,Listed,Listed,25.0,25.0,0.0,2.0,52.0,52.0,Listed,Candidate,37.0,36.0,86% economic need; 1.12 mi fresh access; 6 nearby resources,Shoprite of Parkside 419,"1575 N 52nd St, Philadelphia, PA, 19131",2032 N 62ND ST,39.98225806,-75.24584611,Not contacted,No,No,1
4380,Thomas M. Peirce School,District,Elementary,19132,292.0,0.9375,Yes,296,No,0.2679426483721001,12.0,Listed,Listed,30.0,10.0,0.0,2.0,42.0,42.0,Listed,Candidate,103.0,101.0,94% economic need; 0.27 mi fresh access; 12 nearby resources,Save-A-Lot 60142,"2101 W Lehigh Ave, Philadelphia, PA, 19132",2300 W CAMBRIA ST,39.998839,-75.168424,Not contacted,No,No,1
4440,Dr. Ethel Allen School,District,Elementary-Middle,19132,274.0,0.9062,Yes,52,No,0.5517844174329641,10.0,Listed,Listed,30.0,15.0,0.0,2.0,47.0,47.0,Listed,Candidate,66.0,64.0,91% economic need; 0.55 mi fresh access; 10 nearby resources,Shop Mark Supermarket,"2522 W Lehigh Ave, Philadelphia, PA, 19132",3200 W LEHIGH AVE,39.99757697,-75.18345963,Not contacted,No,No,1
4460,Tanner G. Duckrey School,District,Elementary-Middle,19121,402.0,0.9047,Yes,281,No,0.5975436548193497,14.0,Listed,Listed,30.0,15.0,0.0,3.0,48.0,48.0,Listed,Candidate,59.0,56.0,90% economic need; 0.60 mi fresh access; 14 nearby resources,The Fresh Grocer,"1501 N Broad St, Philadelphia, PA, 19122",1501 W DIAMOND ST,39.98520302,-75.15830107,Not contacted,No,No,1
4470,Richard R. Wright School,District,Elementary,19132,201.0,0.909,Yes,249,No,0.05176963877650649,16.0,Listed,Listed,30.0,5.0,0.0,2.0,37.0,37.0,Listed,Candidate,182.0,182.0,91% economic need; 0.05 mi fresh access; 16 nearby resources,SAVE-A-LOT 60146,"2801 W Dauphin St, Philadelphia, PA, 19132",2201 N 28TH ST,39.99043963,-75.17699812,Not contacted,No,No,1
4480,Overbrook Educational Center,District,Elementary-Middle,19151,226.0,0.7111,Yes,218,No,0.7783570031125103,6.0,Listed,Listed,20.0,20.0,0.0,2.0,42.0,42.0,Listed,Candidate,127.0,101.0,71% economic need; 0.78 mi fresh access; 6 nearby resources,Al Aqsa Supermarket,"6501 Market St, Upper Darby, PA, 19082",6722 LANSDOWNE AVE,39.97429952,-75.25401239,Not contacted,No,No,1
4520,Guion S. Bluford School,District,Elementary-Middle,19131,490.0,0.8989,Yes,105,No,0.596825323128687,12.0,Listed,Listed,25.0,15.0,0.0,3.0,43.0,43.0,Listed,Candidate,96.0,90.0,90% economic need; 0.60 mi fresh access; 12 nearby resources,Save A Lot 24712,"5601 Vine St, Philadelphia, PA, 19139",5720 MEDIA ST,39.97381132,-75.23583173,Not contacted,No,No,1
4530,Edward Gideon School,District,Elementary-Middle,19121,184.0,0.9423,Yes,55,No,0.4518948476896475,14.0,Listed,Listed,30.0,10.0,0.0,1.0,41.0,41.0,Listed,Candidate,128.0,128.0,94% economic need; 0.45 mi fresh access; 14 nearby resources,SAVE-A-LOT 60146,"2801 W Dauphin St, Philadelphia, PA, 19132",2817 W GLENWOOD AVE,39.98447594,-75.18016456,Not contacted,No,No,1
4560,William D. Kelley School,District,Elementary-Middle,19121,205.0,0.9115,Yes,315,No,0.5182431993336692,11.0,Listed,Listed,30.0,15.0,0.0,2.0,47.0,47.0,Listed,Candidate,65.0,64.0,91% economic need; 0.52 mi fresh access; 11 nearby resources,Aldi 43,"3101 W Girard Ave, Philadelphia, PA, 19130",1601 N 28TH ST,39.98039173,-75.18032689,Not contacted,No,No,1
4570,General George G. Meade School,District,Elementary-Middle,19121,256.0,0.8989,Yes,91,No,0.21564962660321715,15.0,Listed,Listed,25.0,5.0,0.0,2.0,32.0,32.0,Listed,Candidate,243.0,243.0,90% economic need; 0.22 mi fresh access; 15 nearby resources,Grocery Outlet,"2077 Ridge Ave, Philadelphia, PA, 19121",1600 N 18TH ST,39.978587,-75.164718,Not contacted,No,No,1
5020,Thomas A. Edison High School,District,High,19140,1022.0,0.8418,Yes,292,No,0.38478756667770925,11.0,Listed,Listed,25.0,10.0,0.0,5.0,40.0,40.0,Listed,Candidate,140.0,133.0,84% economic need; 0.38 mi fresh access; 11 nearby resources,COUSINS SUPERMARKET INC. #2,"4037 N 5th St, Philadelphia, PA, 19140",151 W LUZERNE ST,40.01116485,-75.12863791,Not contacted,No,No,1
5050,Philadelphia Military Academy,District,High,19122,264.0,0.8972,Yes,239,No,0.5857793237601087,14.0,Listed,Listed,25.0,15.0,0.0,2.0,42.0,42.0,Listed,Candidate,113.0,101.0,90% economic need; 0.59 mi fresh access; 14 nearby resources,The Fresh Grocer,"1501 N Broad St, Philadelphia, PA, 19122",2118 N. 13TH ST.,39.98470959,-75.15443401,Not contacted,No,No,1
5060,Jules E. Mastbaum Area Vocational Technical High School,District,High,19134,676.0,0.8795,Yes,150,No,0.7012719972909999,9.0,Listed,Listed,25.0,15.0,0.0,4.0,44.0,44.0,Listed,Candidate,86.0,81.0,88% economic need; 0.70 mi fresh access; 9 nearby resources,Save A Lot 30224,"2132 E Lehigh Ave, Philadelphia, PA, 19125",3116 FRANKFORD AVE,39.99214686,-75.11213573,Not contacted,No,No,1
5070,Parkway Northwest High School,District,High,19138,248.0,0.7375,Yes,223,No,0.6204256696521764,12.0,Listed,Listed,20.0,15.0,0.0,2.0,37.0,37.0,Listed,Candidate,204.0,182.0,74% economic need; 0.62 mi fresh access; 12 nearby resources,Save A Lot 45141,"6301 Chew Ave, Philadelphia, PA, 19138",6200 CRITTENDEN ST,40.05664074,-75.16457453,Not contacted,No,No,1
5080,Parkway Center City Middle College High School,District,High,19123,449.0,0.6808,Yes,222,No,0.1555798399436579,10.0,Listed,Listed,15.0,5.0,0.0,3.0,23.0,23.0,Listed,Candidate,275.0,274.0,68% economic need; 0.16 mi fresh access; 10 nearby resources,Giant Food Store 6573,"510 N Broad St, Philadelphia, PA, 19130",540 N 13TH ST,39.96300501,-75.1592865,Not contacted,No,No,1
5090,Parkway West High School,District,High,19139,140.0,0.7642,Yes,224,No,0.36728004506671763,14.0,Listed,Listed,20.0,10.0,0.0,1.0,31.0,31.0,Listed,Candidate,252.0,251.0,76% economic need; 0.37 mi fresh access; 14 nearby resources,ALDI 54,"4421 Market St, Philadelphia, PA, 19104",4725 FAIRMOUNT AVE,39.96425379,-75.21546704,Not contacted,No,No,1
5150,William W. Bodine High School,District,High,19123,523.0,0.7068,Yes,325,No,0.18327217006672497,10.0,Listed,Listed,20.0,5.0,0.0,4.0,29.0,29.0,Listed,Candidate,264.0,263.0,71% economic need; 0.18 mi fresh access; 10 nearby resources,Giant Heirloom Market 6552,"1004 N 2nd St, Philadelphia, PA, 19123",1101 N 4TH ST,39.96793026,-75.14343443,Not contacted,No,No,1
5160,Penn Treaty School,District,Middle-High,19125,345.0,0.7915,Yes,227,No,0.49568608739377595,4.0,Listed,Listed,20.0,10.0,5.0,2.0,37.0,37.0,Listed,Candidate,203.0,182.0,79% economic need; 0.50 mi fresh access; 4 nearby resources,PORT RICHMOND THRIFTWAY,"2497 Aramingo Ave, Philadelphia, PA, 19125",600 E THOMPSON ST,39.97272711,-75.12787008,Not contacted,No,No,1
5170,Julia de Burgos School,District,Elementary-Middle,19133,512.0,0.9003,Yes,151,No,0.2885884773092359,14.0,Listed,Listed,30.0,10.0,0.0,4.0,44.0,44.0,Listed,Candidate,84.0,81.0,90% economic need; 0.29 mi fresh access; 14 nearby resources,Save A Lot 60139,"701 W Lehigh Ave, Philadelphia, PA, 19133",401 W LEHIGH AVE,39.99275164,-75.13862743,Not contacted,No,No,1
5180,Vaux High School,District,High,19121,335.0,0.8606,Yes,304,No,0.27094219653936186,11.0,Listed,Listed,25.0,10.0,0.0,2.0,37.0,37.0,Listed,Candidate,196.0,182.0,86% economic need; 0.27 mi fresh access; 11 nearby resources,Sharswood Grocery Outlet 731,"2077 Ridge Ave, Philadelphia, PA, 19121",2300 W MASTER ST,39.976325,-75.174186,Not contacted,No,No,1
5200,Alexander Adaire School,District,Elementary-Middle,19125,451.0,0.3126,Yes,12,No,0.5613250972304338,3.0,Listed,Listed,0.0,15.0,10.0,3.0,28.0,28.0,Listed,Candidate,265.0,265.0,31% economic need; 0.56 mi fresh access; 3 nearby resources,Acme 0291,"180 W Girard Ave, Philadelphia, PA, 19123",1300 E PALMER ST,39.97232661,-75.12930989,Not contacted,No,No,1
5210,Henry A. Brown School,District,Elementary-Middle,19125,319.0,0.8275,Yes,109,No,0.3483244341674434,10.0,Listed,Listed,25.0,10.0,0.0,2.0,37.0,37.0,Listed,Candidate,200.0,182.0,83% economic need; 0.35 mi fresh access; 10 nearby resources,Save A Lot 30224,"2132 E Lehigh Ave, Philadelphia, PA, 19125",1946 E SERGEANT ST,39.98661748,-75.12725674,Not contacted,No,No,1
5230,Russell H. Conwell School,District,Middle,19134,109.0,0.8691,Yes,258,No,0.5899308591075006,12.0,Listed,Listed,25.0,15.0,0.0,1.0,41.0,41.0,Listed,Candidate,132.0,128.0,87% economic need; 0.59 mi fresh access; 12 nearby resources,Super Foodtown 705,"3528 I St, Philadelphia, PA, 19134",1849 E CLEARFIELD ST,39.99471406,-75.11527383,Not contacted,No,No,1
5250,Paul L. Dunbar School,District,Elementary-Middle,19122,223.0,0.8973,Yes,225,No,0.26926386473880953,17.0,Listed,Listed,25.0,10.0,0.0,2.0,37.0,37.0,Listed,Candidate,184.0,182.0,90% economic need; 0.27 mi fresh access; 17 nearby resources,The Fresh Grocer,"1501 N Broad St, Philadelphia, PA, 19122",1750 N 12TH ST,39.97948773,-75.15416974,Not contacted,No,No,1
5260,Lewis Elkin School,District,Elementary,19134,431.0,0.9069,Yes,171,No,0.32714422014659533,10.0,Listed,Listed,30.0,10.0,0.0,3.0,43.0,43.0,Listed,Candidate,93.0,90.0,91% economic need; 0.33 mi fresh access; 10 nearby resources,Fresh Supermarket Inc/ Cousins Family Market,"203 E Allegheny Ave, Philadelphia, PA, 19134",3199 D ST,39.997018,-75.121274,Not contacted,No,No,1
5300,Horatio B. Hackett School,District,Elementary,19125,372.0,0.5768,Yes,118,No,0.3976557467983952,5.0,Listed,Listed,10.0,10.0,0.0,3.0,23.0,23.0,Listed,Candidate,277.0,274.0,58% economic need; 0.40 mi fresh access; 5 nearby resources,Save A Lot 30224,"2132 E Lehigh Ave, Philadelphia, PA, 19125",2161 E YORK ST,39.98096374,-75.12685511,Not contacted,No,No,1
5320,John F. Hartranft School,District,Elementary-Middle,19133,337.0,0.8865,Yes,137,No,0.2914816511825649,15.0,Listed,Listed,25.0,10.0,0.0,2.0,37.0,37.0,Listed,Candidate,187.0,182.0,89% economic need; 0.29 mi fresh access; 15 nearby resources,Save A Lot 60139,"701 W Lehigh Ave, Philadelphia, PA, 19133",720 W CUMBERLAND ST,39.98942228,-75.14477741,Not contacted,No,No,1
5330,William H. Hunter School,District,Elementary-Middle,19133,357.0,0.9031,Yes,317,No,0.2651550494653938,12.0,Listed,Listed,30.0,10.0,0.0,3.0,43.0,43.0,Listed,Candidate,94.0,90.0,90% economic need; 0.27 mi fresh access; 12 nearby resources,JC 131 West Corp/Fine Fare,"131 W Lehigh Ave, Philadelphia, PA, 19133",2400 N FRONT ST,39.98725028,-75.13176356,Not contacted,No,No,1
5340,James R. Ludlow School,District,Elementary-Middle,19122,237.0,0.8649,Yes,130,No,0.419786143017218,13.0,Listed,Listed,25.0,10.0,0.0,2.0,37.0,37.0,Listed,Candidate,194.0,182.0,86% economic need; 0.42 mi fresh access; 13 nearby resources,Acme 0291,"180 W Girard Ave, Philadelphia, PA, 19123",550 W MASTER ST,39.972724,-75.145854,Not contacted,No,No,1
5350,William McKinley School,District,Elementary-Middle,19122,275.0,0.8885,Yes,322,No,0.17660905495101062,14.0,Listed,Listed,25.0,5.0,0.0,2.0,32.0,32.0,Listed,Candidate,244.0,243.0,89% economic need; 0.18 mi fresh access; 14 nearby resources,Cousins Supermarket Inc 1,"1943 N 6th St, Philadelphia, PA, 19122",2101 N ORKNEY ST,39.9827686,-75.14165528,Not contacted,No,No,1
5370,John Moffet School,District,Elementary,19122,212.0,0.5781,Yes,143,No,0.3328580538926092,7.0,Listed,Listed,10.0,10.0,0.0,2.0,22.0,22.0,Listed,Candidate,278.0,278.0,58% economic need; 0.33 mi fresh access; 7 nearby resources,Grocery Outlet of Fishtown 738,"1801 N American St, Philadelphia, PA, 19122",127 W OXFORD ST,39.97439362,-75.13498462,Not contacted,No,No,1
5390,Potter-Thomas School,District,Elementary-Middle,19133,341.0,0.9026,Yes,243,No,0.2697738859457044,13.0,Listed,Listed,30.0,10.0,0.0,2.0,42.0,42.0,Listed,Candidate,110.0,101.0,90% economic need; 0.27 mi fresh access; 13 nearby resources,Save A Lot 60136,"400 W Allegheny Ave, Philadelphia, PA, 19133",3001 N 6TH ST,39.99690701,-75.14107646,Not contacted,No,No,1
5400,Richmond School,District,Elementary,19134,332.0,0.8192,Yes,250,No,0.5712074127824155,6.0,Listed,Listed,25.0,15.0,0.0,2.0,42.0,42.0,Listed,Candidate,125.0,101.0,82% economic need; 0.57 mi fresh access; 6 nearby resources,Save A Lot 30224,"2132 E Lehigh Ave, Philadelphia, PA, 19125",2944 BELGRADE ST,39.983496,-75.110491,Not contacted,No,No,1
5410,Isaac A. Sheppard School,District,Elementary,19133,107.0,0.9532,Yes,123,No,0.17989175044806002,12.0,Listed,Listed,30.0,5.0,0.0,1.0,36.0,36.0,Listed,Candidate,205.0,205.0,95% economic need; 0.18 mi fresh access; 12 nearby resources,JC 131 West Corp/Fine Fare,"131 W Lehigh Ave, Philadelphia, PA, 19133",120 W CAMBRIA ST,39.993651,-75.13163,Not contacted,No,No,1
5420,John Welsh School,District,Elementary-Middle,19133,185.0,0.9027,Yes,145,No,0.4488704125797472,13.0,Listed,Listed,30.0,10.0,0.0,1.0,41.0,41.0,Listed,Candidate,130.0,128.0,90% economic need; 0.45 mi fresh access; 13 nearby resources,Cousins Supermarket Inc 1,"1943 N 6th St, Philadelphia, PA, 19122",2331 N 4TH ST,39.98653438,-75.13941869,Not contacted,No,No,1
5430,Alternative Middle Years at James Martin,District,Middle,19134,208.0,0.8634,Yes,17,No,0.4846753577767704,4.0,Listed,Listed,25.0,10.0,5.0,2.0,42.0,42.0,Listed,Candidate,119.0,101.0,86% economic need; 0.48 mi fresh access; 4 nearby resources,Target 2075,"2701 Castor Ave, Philadelphia, PA, 19134",3380 RICHMOND ST,39.98529996,-75.09718185,Not contacted,No,No,1
5440,Frances E. Willard School,District,Elementary,19134,352.0,0.9342,Yes,79,No,0.6403094193174473,12.0,Listed,Listed,30.0,15.0,0.0,3.0,48.0,48.0,Listed,Candidate,56.0,56.0,93% economic need; 0.64 mi fresh access; 12 nearby resources,Save A Lot 30224,"2132 E Lehigh Ave, Philadelphia, PA, 19125",1930 E ELKHART ST,39.993065,-75.115907,Not contacted,No,No,1
5470,William Cramp School,District,Elementary,19140,317.0,0.9028,Yes,314,No,0.3393336462114892,13.0,Listed,Listed,30.0,10.0,0.0,2.0,42.0,42.0,Listed,Candidate,109.0,101.0,90% economic need; 0.34 mi fresh access; 13 nearby resources,Fresh Supermarket Inc/ Cousins Family Market,"203 E Allegheny Ave, Philadelphia, PA, 19134",3449 N MASCHER ST,40.00260657,-75.13036297,Not contacted,No,No,1
5480,General Philip Kearny School,District,Elementary-Middle,19123,193.0,0.9067,Yes,93,No,0.2886359029761578,11.0,Listed,Listed,30.0,10.0,0.0,1.0,41.0,41.0,Listed,Candidate,129.0,128.0,91% economic need; 0.29 mi fresh access; 11 nearby resources,Target T3285,"456 N 5th St, Philadelphia, PA, 19123",601 FAIRMOUNT AVE,39.96385753,-75.14812935,Not contacted,No,No,1
5490,Cayuga School,District,Elementary,19140,250.0,0.84,Yes,38,No,0.3492087885016649,12.0,Listed,Listed,25.0,10.0,0.0,2.0,37.0,37.0,Listed,Candidate,199.0,182.0,84% economic need; 0.35 mi fresh access; 12 nearby resources,COUSINS SUPERMARKET INC. #2,"4037 N 5th St, Philadelphia, PA, 19140",4344 N 5TH ST,40.017826,-75.135246,Not contacted,No,No,1
5500,Thurgood Marshall School,District,Elementary-Middle,19120,551.0,0.8588,Yes,298,No,0.45193134419384995,12.0,Listed,Listed,25.0,10.0,0.0,4.0,39.0,39.0,Listed,Candidate,153.0,148.0,86% economic need; 0.45 mi fresh access; 12 nearby resources,GFM Food Corporation,"180 W Duncannon Ave, Philadelphia, PA, 19120",5120 N 6TH ST,40.02938155,-75.13416332,Not contacted,No,No,1
5520,Kensington High School for Creative and Performing Arts,District,High,19122,504.0,0.8433,Yes,159,No,0.2696204651098893,8.0,Listed,Listed,25.0,10.0,0.0,4.0,39.0,39.0,Listed,Candidate,154.0,148.0,84% economic need; 0.27 mi fresh access; 8 nearby resources,Grocery Outlet of Fishtown 738,"1801 N American St, Philadelphia, PA, 19122",1901 N FRONT ST,39.97794956,-75.1330532,Not contacted,No,No,1
5530,Gloria Casarez School,District,Elementary,19134,438.0,0.8949,Yes,102,No,0.2674992589582508,10.0,Listed,Listed,25.0,10.0,0.0,3.0,38.0,38.0,Listed,Candidate,169.0,166.0,89% economic need; 0.27 mi fresh access; 10 nearby resources,Super Foodtown 705,"3528 I St, Philadelphia, PA, 19134",800 E ONTARIO ST,39.99974725,-75.11478572,Not contacted,No,No,1
5550,Kensington Health Sciences Academy,District,High,19125,461.0,0.8694,Yes,157,No,0.3988384268381208,9.0,Listed,Listed,25.0,10.0,0.0,3.0,38.0,38.0,Listed,Candidate,172.0,166.0,87% economic need; 0.40 mi fresh access; 9 nearby resources,Save A Lot 30224,"2132 E Lehigh Ave, Philadelphia, PA, 19125",2463 EMERALD ST,39.985026,-75.128685,Not contacted,No,No,1
5560,Spring Garden School,District,Elementary-Middle,19123,247.0,0.8577,Yes,274,No,0.18757831963817834,10.0,Listed,Listed,25.0,5.0,0.0,2.0,32.0,32.0,Listed,Candidate,246.0,243.0,86% economic need; 0.19 mi fresh access; 10 nearby resources,Aldi 60169,"1300 Fairmount Ave, Philadelphia, PA, 19123",1146 MELON ST,39.96516155,-75.15614042,Not contacted,No,No,1
5580,John B. Stetson Middle School,District,Middle,19134,511.0,0.8874,Yes,134,No,0.09416564911185431,12.0,Listed,Listed,25.0,5.0,0.0,4.0,34.0,34.0,Listed,Candidate,221.0,221.0,89% economic need; 0.09 mi fresh access; 12 nearby resources,Fresh Supermarket Inc/ Cousins Family Market,"203 E Allegheny Ave, Philadelphia, PA, 19134",3200 B ST,39.99806894,-75.12546663,Not contacted,No,No,1
5581,Stetson Middle School Continuation Academy,Contracted,Transition/Overage School,19134,13.0,0.8874,No,277,No,0.10724705243360236,12.0,Listed,Listed,25.0,5.0,0.0,1.0,31.0,31.0,Listed,Outside scope,,,89% economic need; 0.11 mi fresh access; 12 nearby resources,Fresh Supermarket Inc/ Cousins Family Market,"203 E Allegheny Ave, Philadelphia, PA, 19134",3200 B ST,39.99899564,-75.12538317,Not contacted,No,No,0
5590,John H. Webster School,District,Elementary,19134,413.0,0.8997,Yes,140,No,0.3756157409384929,7.0,Listed,Listed,25.0,10.0,0.0,3.0,38.0,38.0,Listed,Candidate,168.0,166.0,90% economic need; 0.38 mi fresh access; 7 nearby resources,ALDI 60205,"3500 Aramingo Ave, Philadelphia, PA, 19134",3400 FRANKFORD AVE,39.996199,-75.104516,Not contacted,No,No,1
5610,Building 21,District,High,19138,344.0,0.8459,Yes,35,No,0.6862631003414704,13.0,Listed,Listed,25.0,15.0,0.0,2.0,42.0,42.0,Listed,Candidate,121.0,101.0,85% economic need; 0.69 mi fresh access; 13 nearby resources,ALDI 60011 60011,"6119 N Broad St, Philadelphia, PA, 19141",6501 LIMEKILN PIKE,40.053631,-75.152481,Not contacted,No,No,1
5620,The U School,District,High,19122,164.0,0.9135,Yes,289,No,0.11452251110429579,16.0,Listed,Listed,30.0,5.0,0.0,1.0,36.0,36.0,Listed,Candidate,206.0,205.0,91% economic need; 0.11 mi fresh access; 16 nearby resources,Cousins Supermarket Inc 1,"1943 N 6th St, Philadelphia, PA, 19122",2000 N 7TH ST,39.981983,-75.146256,Not contacted,No,No,1
5660,The LINC High School,District,High,19140,229.0,0.823,Yes,286,No,0.5155406128169018,9.0,Listed,Listed,25.0,15.0,0.0,2.0,42.0,42.0,Listed,Candidate,124.0,101.0,82% economic need; 0.52 mi fresh access; 9 nearby resources,COUSINS SUPERMARKET INC. #2,"4037 N 5th St, Philadelphia, PA, 19140",122 W ERIE AVE,40.006819,-75.129736,Not contacted,No,No,1
5680,Honorable Luis Munoz-Marin School,District,Elementary-Middle,19140,482.0,0.9211,Yes,116,No,0.15156155022007126,14.0,Listed,Listed,30.0,5.0,0.0,3.0,38.0,38.0,Listed,Candidate,166.0,166.0,92% economic need; 0.15 mi fresh access; 14 nearby resources,Save A Lot 60136,"400 W Allegheny Ave, Philadelphia, PA, 19133",3300 N 3RD ST,40.00098011,-75.13538958,Not contacted,No,No,1
5700,Kensington High School,District,High,19152,447.0,0.8519,Yes,158,No,0.6109070300929565,2.0,Listed,Listed,25.0,15.0,15.0,3.0,58.0,58.0,Listed,Candidate,17.0,17.0,85% economic need; 0.61 mi fresh access; 2 nearby resources,No.1 Asian Supermarket Inc,"2842 Saint Vincent St, Philadelphia, PA, 19149",3001 RYAN AVE,40.045607,-75.044206,Not contacted,No,No,1
5710,Memphis Street Middle School,District,Middle,19134,,,Yes,198,No,0.44693046338504855,9.0,Listed,Listed,,10.0,0.0,,,,Listed,Missing data,,,Missing demographic or access input,Save A Lot 30224,"2132 E Lehigh Ave, Philadelphia, PA, 19125",2950 MEMPHIS ST,39.98588986,-75.11285949,Not contacted,No,No,0
6010,Central High School,District,High,19141,2343.0,0.5273,Yes,39,No,0.5248125697376791,12.0,Listed,Listed,10.0,15.0,0.0,5.0,30.0,30.0,Listed,Candidate,262.0,253.0,53% economic need; 0.52 mi fresh access; 12 nearby resources,THE FRESH GROCER,"5301 Chew Ave, Philadelphia, PA, 19138",1700 W OLNEY AVE,40.0372851,-75.15074825,Not contacted,No,No,1
6030,Roxborough High School,District,High,19128,529.0,0.7794,Yes,255,No,0.44340961937886253,1.0,Listed,Listed,20.0,10.0,20.0,4.0,54.0,54.0,Listed,Candidate,33.0,33.0,78% economic need; 0.44 mi fresh access; 1 nearby resources,Shop Rite of Roxborough 519,"6901 Ridge Ave, Philadelphia, PA, 19128",6498 RIDGE AVE,40.03802479,-75.22283357,Not contacted,No,No,1
6040,Walter B. Saul High School,District,High,19128,406.0,0.674,Yes,305,No,0.5690515358630496,0.0,Listed,Listed,15.0,15.0,25.0,3.0,58.0,58.0,Listed,Candidate,18.0,17.0,67% economic need; 0.57 mi fresh access; 0 nearby resources,Shop Rite of Roxborough 519,"6901 Ridge Ave, Philadelphia, PA, 19128",7100 HENRY AVE,40.04902036,-75.21981676,Not contacted,No,No,1
6050,Philadelphia High School for Girls,District,High,19141,592.0,0.6871,Yes,235,No,0.6142739073848581,9.0,Listed,Listed,15.0,15.0,0.0,4.0,34.0,34.0,Listed,Candidate,231.0,221.0,69% economic need; 0.61 mi fresh access; 9 nearby resources,ALDI 60011 60011,"6119 N Broad St, Philadelphia, PA, 19141",1400 W OLNEY AVE,40.0383142,-75.1460556,Not contacted,No,No,1
6060,Martin Luther King High School,District,High,19138,604.0,0.8066,Yes,177,No,0.7592437096211593,9.0,Listed,Listed,25.0,20.0,0.0,4.0,49.0,49.0,Listed,Candidate,52.0,46.0,81% economic need; 0.76 mi fresh access; 9 nearby resources,Save A Lot 45141,"6301 Chew Ave, Philadelphia, PA, 19138",6100 STENTON AVE,40.05756238,-75.16217184,Not contacted,No,No,1
6090,A. Philip Randolph Career and Technical High School,District,High,19129,403.0,0.8947,Yes,1,No,0.29480313408940284,6.0,Listed,Listed,25.0,10.0,0.0,3.0,38.0,38.0,Listed,Candidate,170.0,166.0,89% economic need; 0.29 mi fresh access; 6 nearby resources,Shoprite of Fox Street 430,"2800 Fox Street, Philadelphia, PA, 19129",3101 HENRY AVE,40.008504,-75.179609,Not contacted,No,No,1
6200,Anna B. Day School,District,Elementary-Middle,19138,289.0,0.825,Yes,20,No,0.5910479060218042,10.0,Listed,Listed,25.0,15.0,0.0,2.0,42.0,42.0,Listed,Candidate,123.0,101.0,83% economic need; 0.59 mi fresh access; 10 nearby resources,Save A Lot 45141,"6301 Chew Ave, Philadelphia, PA, 19138",6324 CRITTENDEN ST,40.05840682,-75.16833464,Not contacted,No,No,1
6210,Franklin S. Edmonds School,District,Elementary-Middle,19150,376.0,0.7906,Yes,84,No,0.6999142018519914,4.0,Listed,Listed,20.0,15.0,5.0,3.0,43.0,43.0,Listed,Candidate,98.0,90.0,79% economic need; 0.70 mi fresh access; 4 nearby resources,Shoprite of Cheltenham 426,"2471 W Cheltenham Ave, Wyncote, PA, 19095",8025 THOURON AVE,40.0717255,-75.1692495,Not contacted,No,No,1
6220,Eleanor C. Emlen School,District,Elementary,19119,261.0,0.8732,Yes,61,No,0.33706104927098,13.0,Listed,Listed,25.0,10.0,0.0,2.0,37.0,37.0,Listed,Candidate,191.0,182.0,87% economic need; 0.34 mi fresh access; 13 nearby resources,Save A Lot 45141,"6301 Chew Ave, Philadelphia, PA, 19138",6501 CHEW AVE,40.05436289,-75.17790573,Not contacted,No,No,1
6230,Fitler Academics Plus School,District,Elementary-Middle,19144,177.0,0.8474,Yes,76,No,0.7648935789122202,14.0,Listed,Listed,25.0,20.0,0.0,1.0,46.0,46.0,Listed,Candidate,72.0,71.0,85% economic need; 0.76 mi fresh access; 14 nearby resources,Chelten Market Inc,"176-82 W Chelten Ave, Philadelphia, PA, 19144",140 W SEYMOUR ST,40.02610052,-75.16633733,Not contacted,No,No,1
6250,Charles W. Henry School,District,Elementary-Middle,19119,550.0,0.4127,Yes,41,No,0.6497032188856483,3.0,Listed,Listed,5.0,15.0,10.0,4.0,34.0,34.0,Listed,Candidate,232.0,221.0,41% economic need; 0.65 mi fresh access; 3 nearby resources,Grocery Outlet 728,"25 W Hortter St, Philadelphia, PA, 19119",601 CARPENTER LN,40.04625771,-75.19658776,Not contacted,No,No,1
6260,Henry H. Houston School,District,Elementary-Middle,19119,473.0,0.5095,Yes,111,No,0.3531423021349003,2.0,Listed,Listed,10.0,10.0,15.0,3.0,38.0,38.0,Listed,Candidate,181.0,166.0,51% economic need; 0.35 mi fresh access; 2 nearby resources,ACME 114,"7010 Germantown Ave, Philadelphia, PA, 19119",7300 RURAL LN,40.059003,-75.195084,Not contacted,No,No,1
6270,John S. Jenks Academy for the Arts and Sciences,District,Elementary-Middle,19118,380.0,0.6078,Yes,144,No,0.07200883562066408,0.0,Listed,Listed,15.0,5.0,25.0,3.0,48.0,48.0,Listed,Candidate,62.0,56.0,61% economic need; 0.07 mi fresh access; 0 nearby resources,The Fresh Market 133,"8208 Germantown Ave, Philadelphia, PA, 19118",8301 GERMANTOWN AVE,40.07440887,-75.20356162,Not contacted,No,No,1
6300,James Logan School,District,Elementary,19141,223.0,0.9023,Yes,128,No,0.6970152804060143,8.0,Listed,Listed,30.0,15.0,0.0,2.0,47.0,47.0,Listed,Candidate,68.0,64.0,90% economic need; 0.70 mi fresh access; 8 nearby resources,Save-A-Lot 60138,"4424 N Broad St, Philadelphia, PA, 19140",1700 LINDLEY AVE,40.03085306,-75.15205995,Not contacted,No,No,1
6310,John F. McCloskey School,District,Elementary-Middle,19150,217.0,0.7557,Yes,138,No,0.2594880425032732,0.0,Listed,Listed,20.0,10.0,25.0,2.0,57.0,57.0,Listed,Candidate,20.0,20.0,76% economic need; 0.26 mi fresh access; 0 nearby resources,Fresh Grocer Of Wyncote 415,"1000 Easton Rd, Wyncote, PA, 19095",8500 PICKERING AVE,40.08162668,-75.17533748,Not contacted,No,No,1
6320,Thomas Mifflin School,District,Elementary-Middle,19129,396.0,0.6037,Yes,297,No,0.8725492411240803,3.0,Listed,Listed,15.0,20.0,10.0,3.0,48.0,48.0,Listed,Candidate,63.0,56.0,60% economic need; 0.87 mi fresh access; 3 nearby resources,Shoprite of Fox Street 430,"2800 Fox Street, Philadelphia, PA, 19129",3624 CONRAD ST,40.01357043,-75.19128804,Not contacted,No,No,1
6340,Joseph Pennell School,District,Elementary,19141,249.0,0.8844,Yes,148,No,0.3698242442479336,13.0,Listed,Listed,25.0,10.0,0.0,2.0,37.0,37.0,Listed,Candidate,188.0,182.0,88% economic need; 0.37 mi fresh access; 13 nearby resources,THE FRESH GROCER,"5301 Chew Ave, Philadelphia, PA, 19138",1800 NEDRO AVE,40.04351806,-75.15208663,Not contacted,No,No,1
6350,Samuel Pennypacker School,District,Elementary-Middle,19138,302.0,0.8693,Yes,263,No,0.7154200968267349,6.0,Listed,Listed,25.0,15.0,0.0,2.0,42.0,42.0,Listed,Candidate,117.0,101.0,87% economic need; 0.72 mi fresh access; 6 nearby resources,Shoprite of Cheltenham 426,"2471 W Cheltenham Ave, Wyncote, PA, 19095",1858 E WASHINGTON LN,40.06527032,-75.1597946,Not contacted,No,No,1
6360,Theodore Roosevelt School,District,Elementary-Middle,19144,407.0,0.9158,Yes,291,No,0.1824803055818448,18.0,Listed,Listed,30.0,5.0,0.0,3.0,38.0,38.0,Listed,Candidate,167.0,166.0,92% economic need; 0.18 mi fresh access; 18 nearby resources,Save A Lot 45141,"6301 Chew Ave, Philadelphia, PA, 19138",430 E WASHINGTON LN,40.04856262,-75.17529079,Not contacted,No,No,1
6380,Shawmont School,District,Elementary-Middle,19128,457.0,0.6284,Yes,268,No,0.5708482597734197,0.0,Listed,Listed,15.0,15.0,25.0,3.0,58.0,58.0,Listed,Candidate,19.0,17.0,63% economic need; 0.57 mi fresh access; 0 nearby resources,Target 3247,"7162 Ridge Ave, Philadelphia, PA, 19128",535 SHAWMONT AVE,40.051478,-75.238543,Not contacted,No,No,1
6390,Edward T. Steel School,District,Elementary-Middle,19140,331.0,0.9016,Yes,57,No,0.46393107210585915,7.0,Listed,Listed,30.0,10.0,0.0,2.0,42.0,42.0,Listed,Candidate,112.0,101.0,90% economic need; 0.46 mi fresh access; 7 nearby resources,Save-A-Lot 60138,"4424 N Broad St, Philadelphia, PA, 19140",4301 WAYNE AVE,40.01879502,-75.15689064,Not contacted,No,No,1
6400,Widener Memorial School,District,Elementary-Middle-High,19141,138.0,0.7985,Yes,311,No,0.7290205820026908,9.0,Listed,Listed,20.0,15.0,0.0,1.0,36.0,36.0,Listed,Candidate,209.0,205.0,80% economic need; 0.73 mi fresh access; 9 nearby resources,ALDI 60011 60011,"6119 N Broad St, Philadelphia, PA, 19141",1450 W OLNEY AVE,40.036706,-75.146598,Not contacted,No,No,1
6410,Cook-Wissahickon School,District,Elementary-Middle,19128,426.0,0.474,Yes,46,No,0.6441370729129152,1.0,Listed,Listed,5.0,15.0,20.0,3.0,43.0,43.0,Listed,Candidate,100.0,90.0,47% economic need; 0.64 mi fresh access; 1 nearby resources,ACME 2762,"5927-59 Ridge Ave, Philadelphia, PA, 19128",201 E SALAIGNAC ST,40.022472,-75.206802,Not contacted,No,No,1
6440,Anna L. Lingelbach School,District,Elementary-Middle,19144,366.0,0.6328,Yes,21,No,0.5091904913355288,12.0,Listed,Listed,15.0,15.0,0.0,3.0,33.0,33.0,Listed,Candidate,242.0,233.0,63% economic need; 0.51 mi fresh access; 12 nearby resources,ARKADY DVOR T/A A&N HOUSE OF PROD,"5929 Greene St, Philadelphia, PA, 19144",6340 WAYNE AVE,40.03708413,-75.18961364,Not contacted,No,No,1
6450,James Dobson School,District,Elementary-Middle,19127,253.0,0.4901,Yes,125,No,0.8343283051001598,1.0,Listed,Listed,5.0,20.0,20.0,2.0,47.0,47.0,Listed,Candidate,70.0,64.0,49% economic need; 0.83 mi fresh access; 1 nearby resources,Shop Rite of Roxborough 519,"6901 Ridge Ave, Philadelphia, PA, 19128",4667 UMBRIA ST,40.03147536,-75.23067163,Not contacted,No,No,1
6460,Hill-Freedman World Academy,District,Middle-High,19150,650.0,0.6781,Yes,115,No,0.8359956387342444,3.0,Listed,Listed,15.0,20.0,10.0,4.0,49.0,49.0,Listed,Candidate,53.0,46.0,68% economic need; 0.84 mi fresh access; 3 nearby resources,Fresh Grocer Of Wyncote 415,"1000 Easton Rd, Wyncote, PA, 19095",1100 E MOUNT PLEASANT AVE,40.071311,-75.175303,Not contacted,No,No,1
6470,John B. Kelly School,District,Elementary,19144,346.0,0.8699,Yes,133,No,0.6354630684706201,11.0,Listed,Listed,25.0,15.0,0.0,2.0,42.0,42.0,Listed,Candidate,116.0,101.0,87% economic need; 0.64 mi fresh access; 11 nearby resources,Chelten Market Inc,"176-82 W Chelten Ave, Philadelphia, PA, 19144",5116 PULASKI AVE,40.02479143,-75.1711868,Not contacted,No,No,1
6480,Academy for the Middle Years at Northwest,District,Middle,19128,136.0,0.772,Yes,5,No,0.07651678002006093,1.0,Listed,Listed,20.0,5.0,20.0,1.0,46.0,46.0,Listed,Candidate,73.0,71.0,77% economic need; 0.08 mi fresh access; 1 nearby resources,ACME 2762,"5927-59 Ridge Ave, Philadelphia, PA, 19128",6000 RIDGE AVE,40.03154543,-75.21317609,Not contacted,No,No,1
6540,Lankenau High School,District,High,19128,225.0,0.64,Yes,167,No,0.8671450843594952,0.0,Listed,Listed,15.0,20.0,25.0,2.0,62.0,62.0,Listed,Candidate,9.0,9.0,64% economic need; 0.87 mi fresh access; 0 nearby resources,Giant Food Store 6581,"701 Cathedral Road, Philadelphia, PA, 19128",201 SPRING LN,40.06153271,-75.25295594,Not contacted,No,No,1
7010,Frankford High School,District,High,19124,908.0,0.804,Yes,82,No,0.4742519867131885,7.0,Listed,Listed,25.0,10.0,0.0,5.0,40.0,40.0,Listed,Candidate,142.0,133.0,80% economic need; 0.47 mi fresh access; 7 nearby resources,Cousins Grocery Market Inc.,"1607 Bridge St, Philadelphia, PA, 19124",5000 OXFORD AVE,40.021602,-75.084823,Not contacted,No,No,1
7060,Olney High School,District,High,19120,1036.0,0.7988,Yes,211,No,0.11440310296307804,8.0,Listed,Listed,20.0,5.0,0.0,5.0,30.0,30.0,Listed,Candidate,253.0,253.0,80% economic need; 0.11 mi fresh access; 8 nearby resources,GFM Food Corporation,"180 W Duncannon Ave, Philadelphia, PA, 19120",100 W DUNCANNON AVE,40.028772,-75.123808,Not contacted,No,No,1
7061,Olney High School Continuation Academy,Contracted,Transition/Overage School,19120,17.0,0.7988,No,212,No,0.12853245737993235,8.0,Listed,Listed,20.0,5.0,0.0,1.0,26.0,26.0,Listed,Outside scope,,,80% economic need; 0.13 mi fresh access; 8 nearby resources,GFM Food Corporation,"180 W Duncannon Ave, Philadelphia, PA, 19120",100 W DUNCANNON AVE,40.02911994,-75.12375171,Not contacted,No,No,0
7069,Philadelphia Continuation Academy,Contracted,Transition/Overage School,19120,46.0,,No,232,No,0.11440310296307804,8.0,Listed,Listed,,5.0,0.0,1.0,,,Listed,Outside scope,,,Missing demographic or access input,GFM Food Corporation,"180 W Duncannon Ave, Philadelphia, PA, 19120",100 E DUNCANNON AVE,40.028772,-75.123808,Not contacted,No,No,0
7100,Jay Cooke School,District,Elementary-Middle,19141,386.0,0.886,Yes,132,No,0.3345589633179345,10.0,Listed,Listed,25.0,10.0,0.0,3.0,38.0,38.0,Listed,Candidate,171.0,166.0,89% economic need; 0.33 mi fresh access; 10 nearby resources,Save-A-Lot 60138,"4424 N Broad St, Philadelphia, PA, 19140",1300 W LOUDON ST,40.025526,-75.146074,Not contacted,No,No,1
7110,Warren G. Harding Middle School,District,Middle,19124,522.0,0.8771,Yes,306,No,0.39687573751729766,9.0,Listed,Listed,25.0,10.0,0.0,4.0,39.0,39.0,Listed,Candidate,151.0,148.0,88% economic need; 0.40 mi fresh access; 9 nearby resources,ShopRite of Bridge and Harbison 495,"5597 Tulip St, Philadelphia, PA, 19124",2000 WAKELING ST,40.01291694,-75.07456081,Not contacted,No,No,1
7120,Samuel Fels High School,District,High,19124,1228.0,0.7796,Yes,261,No,0.4469722876802889,6.0,Listed,Listed,20.0,10.0,0.0,5.0,35.0,35.0,Listed,Candidate,213.0,210.0,78% economic need; 0.45 mi fresh access; 6 nearby resources,No. 1 Ben City Supermarket Inc,"5520 Whitaker Ave, Philadelphia, PA, 19124",5500 LANGDON ST,40.03564646,-75.09109404,Not contacted,No,No,1
7130,General Louis Wagner School,District,Middle,19126,294.0,0.8703,Yes,92,No,0.41866095869762276,11.0,Listed,Listed,25.0,10.0,0.0,2.0,37.0,37.0,Listed,Candidate,193.0,182.0,87% economic need; 0.42 mi fresh access; 11 nearby resources,ALDI 60011 60011,"6119 N Broad St, Philadelphia, PA, 19141",1701 W CHELTEN AVE,40.05174748,-75.14767962,Not contacted,No,No,1
7150,Juniata Park Academy,District,Elementary-Middle,19124,784.0,0.8799,Yes,154,No,0.26634925426293254,3.0,Listed,Listed,25.0,10.0,10.0,5.0,50.0,50.0,Listed,Candidate,42.0,39.0,88% economic need; 0.27 mi fresh access; 3 nearby resources,Juniata Supermarket Inc. 2,"901 E Luzerne St, Philadelphia, PA, 19124",801 E HUNTING PARK AVE,40.01284122,-75.11102921,Not contacted,No,No,1
7200,Clara Barton School,District,Elementary,19120,423.0,0.8297,Yes,43,No,0.14073385908456693,7.0,Listed,Listed,25.0,5.0,0.0,3.0,33.0,33.0,Listed,Candidate,237.0,233.0,83% economic need; 0.14 mi fresh access; 7 nearby resources,Compare & Save Supermarket,"405 E Wyoming Ave, Philadelphia, PA, 19120",4600 ROSEHILL ST,40.0193401,-75.11950188,Not contacted,No,No,1
7220,Laura H. Carnell School,District,Elementary,19111,652.0,0.7636,Yes,168,No,0.38637813621413586,4.0,Listed,Listed,20.0,10.0,5.0,4.0,39.0,39.0,Listed,Candidate,164.0,148.0,76% economic need; 0.39 mi fresh access; 4 nearby resources,Save A Lot 60131,"6412 Castor Ave, Philadelphia, PA, 19149",1100 DEVEREAUX AVE,40.038957,-75.084142,Not contacted,No,No,1
7260,Ellwood School,District,Elementary,19126,252.0,0.8007,Yes,63,No,0.5681186042219577,7.0,Listed,Listed,25.0,15.0,0.0,2.0,42.0,42.0,Listed,Candidate,126.0,101.0,80% economic need; 0.57 mi fresh access; 7 nearby resources,MELROSE PARK HAR INC DBA HAN AH R,"7320 Old York Rd, Elkins Park, PA, 19027",6701 N 13TH ST,40.05472609,-75.13894107,Not contacted,No,No,1
7270,Thomas K. Finletter School,District,Elementary-Middle,19120,577.0,0.8281,Yes,295,No,0.12118412732571376,5.0,Listed,Listed,25.0,5.0,0.0,4.0,34.0,34.0,Listed,Candidate,225.0,221.0,83% economic need; 0.12 mi fresh access; 5 nearby resources,H MART PHILADELPHIA LLC.,"6201 N Front St, Philadelphia, PA, 19120",6101 N FRONT ST,40.043608,-75.119176,Not contacted,No,No,1
7280,Benjamin Franklin Elementary School,District,Elementary-Middle,19120,567.0,0.8389,Yes,31,No,0.25198509666340335,5.0,Listed,Listed,25.0,10.0,0.0,4.0,39.0,39.0,Listed,Candidate,155.0,148.0,84% economic need; 0.25 mi fresh access; 5 nearby resources,PJP Marketplace,"537 Adams Ave, Philadelphia, PA, 19120",5737 RISING SUN AVE,40.04215213,-75.10498859,Not contacted,No,No,1
7290,Allen M. Stearne School,District,Elementary-Middle,19124,370.0,0.8664,Yes,14,No,0.7822023571495426,7.0,Listed,Listed,25.0,20.0,0.0,3.0,48.0,48.0,Listed,Candidate,61.0,56.0,87% economic need; 0.78 mi fresh access; 7 nearby resources,Castor Avenue Market LLC,"900 E Orthodox St, Philadelphia, PA, 19124",1655 UNITY ST,40.011752,-75.085112,Not contacted,No,No,1
7300,Francis Hopkinson School,District,Elementary-Middle,19124,547.0,0.8658,Yes,80,No,0.1496540986840621,8.0,Listed,Listed,25.0,5.0,0.0,4.0,34.0,34.0,Listed,Candidate,222.0,221.0,87% economic need; 0.15 mi fresh access; 8 nearby resources,SAVE-A-LOT 60133,"3901-29 M St, Philadelphia, PA, 19124",4001 L ST,40.00771059,-75.10274511,Not contacted,No,No,1
7310,Feltonville Intermediate School,District,Elementary,19120,483.0,0.85,Yes,73,No,0.1704569315956346,7.0,Listed,Listed,25.0,5.0,0.0,3.0,33.0,33.0,Listed,Candidate,235.0,233.0,85% economic need; 0.17 mi fresh access; 7 nearby resources,Compare & Save Supermarket,"405 E Wyoming Ave, Philadelphia, PA, 19120",238 E WYOMING AVE,40.02034002,-75.12102564,Not contacted,No,No,1
7320,Julia W. Howe School,District,Elementary,19141,225.0,0.8198,Yes,153,No,0.3998929041426872,8.0,Listed,Listed,25.0,10.0,0.0,2.0,37.0,37.0,Listed,Candidate,201.0,182.0,82% economic need; 0.40 mi fresh access; 8 nearby resources,ALDI 60011 60011,"6119 N Broad St, Philadelphia, PA, 19141",5800 N 13TH ST,40.04113187,-75.14211131,Not contacted,No,No,1
7330,Henry W. Lawton School,District,Elementary,19135,513.0,0.8275,Yes,112,No,0.3661510505973075,3.0,Listed,Listed,25.0,10.0,10.0,4.0,49.0,49.0,Listed,Candidate,51.0,46.0,83% economic need; 0.37 mi fresh access; 3 nearby resources,6327 Meat Corp DBA Food Town,"6327 Torresdale Ave, Philadelphia, PA, 19135",6101 JACKSON ST,40.020648,-75.058976,Not contacted,No,No,1
7350,James R. Lowell School,District,Elementary,19120,430.0,0.8768,Yes,129,No,0.5454043636965177,4.0,Listed,Listed,25.0,15.0,5.0,3.0,48.0,48.0,Listed,Candidate,60.0,56.0,88% economic need; 0.55 mi fresh access; 4 nearby resources,SHOPRITE 537,"101 E Olney Ave, Philadelphia, PA, 19120",450 W NEDRO AVE,40.04086578,-75.12871963,Not contacted,No,No,1
7360,John Marshall School,District,Elementary,19124,243.0,0.8641,Yes,142,No,0.5743794837728304,7.0,Listed,Listed,25.0,15.0,0.0,2.0,42.0,42.0,Listed,Candidate,118.0,101.0,86% economic need; 0.57 mi fresh access; 7 nearby resources,Castor Avenue Market LLC,"900 E Orthodox St, Philadelphia, PA, 19124",4500 GRISCOM ST,40.014546,-75.087158,Not contacted,No,No,1
7370,"Grover Washington, Jr. Middle School",District,Middle,19120,332.0,0.8676,Yes,104,No,0.17926401142772272,6.0,Listed,Listed,25.0,5.0,0.0,2.0,32.0,32.0,Listed,Candidate,245.0,243.0,87% economic need; 0.18 mi fresh access; 6 nearby resources,SHOPRITE 537,"101 E Olney Ave, Philadelphia, PA, 19120",201 E OLNEY AVE,40.035479,-75.117969,Not contacted,No,No,1
7380,Alexander K. McClure School,District,Elementary,19140,353.0,0.8821,Yes,13,No,0.1960096497110867,12.0,Listed,Listed,25.0,5.0,0.0,3.0,33.0,33.0,Listed,Candidate,233.0,233.0,88% economic need; 0.20 mi fresh access; 12 nearby resources,COUSINS SUPERMARKET INC. #2,"4037 N 5th St, Philadelphia, PA, 19140",600 W HUNTING PARK AVE,40.015178,-75.137574,Not contacted,No,No,1
7390,Andrew J. Morrison School,District,Elementary-Middle,19120,484.0,0.8357,Yes,19,No,0.19318629483885716,9.0,Listed,Listed,25.0,5.0,0.0,3.0,33.0,33.0,Listed,Candidate,236.0,233.0,84% economic need; 0.19 mi fresh access; 9 nearby resources,GFM Food Corporation,"180 W Duncannon Ave, Philadelphia, PA, 19120",5100 N 3RD ST,40.02843729,-75.12941126,Not contacted,No,No,1
7400,Olney Elementary School,District,Elementary-Middle,19120,666.0,0.8247,Yes,210,No,0.1645698818839141,8.0,Listed,Listed,25.0,5.0,0.0,4.0,34.0,34.0,Listed,Candidate,226.0,221.0,82% economic need; 0.16 mi fresh access; 8 nearby resources,Compare & Save,"5201 Rising Sun Ave, Philadelphia, PA, 19120",5301 N WATER ST,40.03058672,-75.12134354,Not contacted,No,No,1
7430,James J. Sullivan School,District,Elementary,19124,378.0,0.864,Yes,127,No,0.2466658414993645,8.0,Listed,Listed,25.0,5.0,0.0,3.0,33.0,33.0,Listed,Candidate,234.0,233.0,86% economic need; 0.25 mi fresh access; 8 nearby resources,ShopRite of Bridge and Harbison 495,"5597 Tulip St, Philadelphia, PA, 19124",5300 DITMAN ST,40.01529786,-75.06706036,Not contacted,No,No,1
7440,Bayard Taylor School,District,Elementary,19140,359.0,0.8635,Yes,27,No,0.3832553292704573,12.0,Listed,Listed,25.0,10.0,0.0,3.0,38.0,38.0,Listed,Candidate,173.0,166.0,86% economic need; 0.38 mi fresh access; 12 nearby resources,COUSINS SUPERMARKET INC. #2,"4037 N 5th St, Philadelphia, PA, 19140",3698 N RANDOLPH ST,40.00753033,-75.13793972,Not contacted,No,No,1
7460,William H. Ziegler School,District,Elementary-Middle,19149,507.0,0.8134,Yes,319,No,0.4804050832420565,5.0,Listed,Listed,25.0,10.0,0.0,4.0,39.0,39.0,Listed,Candidate,159.0,148.0,81% economic need; 0.48 mi fresh access; 5 nearby resources,Cousins Grocery Market Inc.,"1607 Bridge St, Philadelphia, PA, 19124",5935 SAUL ST,40.03003725,-75.07570448,Not contacted,No,No,1
7470,Bridesburg School,District,Elementary-Middle,19137,522.0,0.6934,Yes,34,No,0.7903587969166054,1.0,Listed,Listed,15.0,20.0,20.0,4.0,59.0,59.0,Listed,Candidate,16.0,16.0,69% economic need; 0.79 mi fresh access; 1 nearby resources,ShopRite of Bridge and Harbison 495,"5597 Tulip St, Philadelphia, PA, 19124",2824 JENKS ST,40.00030082,-75.06660471,Not contacted,No,No,1
7490,Prince Hall School,District,Elementary,19141,317.0,0.9169,Yes,245,No,0.35373085831047146,12.0,Listed,Listed,30.0,10.0,0.0,2.0,42.0,42.0,Listed,Candidate,106.0,101.0,92% economic need; 0.35 mi fresh access; 12 nearby resources,ALDI 60011 60011,"6119 N Broad St, Philadelphia, PA, 19141",6101 N GRATZ ST,40.04770742,-75.14956052,Not contacted,No,No,1
7500,Feltonville School of Arts and Sciences,District,Middle,19120,505.0,0.8429,Yes,74,No,0.22562896148912306,7.0,Listed,Listed,25.0,5.0,0.0,4.0,34.0,34.0,Listed,Candidate,223.0,221.0,84% economic need; 0.23 mi fresh access; 7 nearby resources,Compare & Save Supermarket,"405 E Wyoming Ave, Philadelphia, PA, 19120",210 E COURTLAND ST,40.019437,-75.121675,Not contacted,No,No,1
7510,Mary M. Bethune School,District,Elementary-Middle,19140,353.0,0.9214,Yes,178,No,0.6757956764185941,10.0,Listed,Listed,30.0,15.0,0.0,3.0,48.0,48.0,Listed,Candidate,58.0,56.0,92% economic need; 0.68 mi fresh access; 10 nearby resources,Save A Lot 60136,"400 W Allegheny Ave, Philadelphia, PA, 19133",3301 OLD YORK RD,40.00269526,-75.14872828,Not contacted,No,No,1
7530,William Rowen School,District,Elementary,19126,272.0,0.8357,Yes,323,No,0.6957903531749603,9.0,Listed,Listed,25.0,15.0,0.0,2.0,42.0,42.0,Listed,Candidate,122.0,101.0,84% economic need; 0.70 mi fresh access; 9 nearby resources,MELROSE PARK HAR INC DBA HAN AH R,"7320 Old York Rd, Elkins Park, PA, 19027",6841 N 19TH ST,40.05930676,-75.1486472,Not contacted,No,No,1
7730,Roberto Clemente Middle School,District,Middle,19140,279.0,0.8776,Yes,254,No,0.5155406128169018,9.0,Listed,Listed,25.0,15.0,0.0,2.0,42.0,42.0,Listed,Candidate,115.0,101.0,88% economic need; 0.52 mi fresh access; 9 nearby resources,COUSINS SUPERMARKET INC. #2,"4037 N 5th St, Philadelphia, PA, 19140",122 W ERIE AVE,40.006819,-75.129736,Not contacted,No,No,1
8010,Abraham Lincoln High School,District,High,19136,2332.0,0.7382,Yes,2,No,0.5308778189847569,2.0,Listed,Listed,20.0,15.0,15.0,5.0,55.0,55.0,Listed,Candidate,27.0,24.0,74% economic need; 0.53 mi fresh access; 2 nearby resources,No.1 Asian Supermarket Inc,"2842 Saint Vincent St, Philadelphia, PA, 19149",3201 RYAN AVE,40.04310838,-75.04479221,Not contacted,No,No,1
8020,Northeast High School,District,High,19111,3541.0,0.7192,Yes,206,No,0.37970186361207736,0.0,Listed,Listed,20.0,10.0,25.0,5.0,60.0,60.0,Listed,Candidate,11.0,10.0,72% economic need; 0.38 mi fresh access; 0 nearby resources,Jumbo Meat Market,"7322 Castor Ave, Philadelphia, PA, 19152",1601 COTTMAN AVE,40.05564409,-75.07118355,Not contacted,No,No,1
8030,George Washington High School,District,High,19116,1795.0,0.6978,Yes,97,No,0.10160074514179536,3.0,Listed,Listed,15.0,5.0,10.0,5.0,35.0,35.0,Listed,Candidate,217.0,210.0,70% economic need; 0.10 mi fresh access; 3 nearby resources,Ali Baba Bakery Inc,"10184 Bustleton Ave, Philadelphia, PA, 19116",10175 BUSTLETON AVE,40.10598577,-75.02723013,Not contacted,No,No,1
8040,Arts Academy at Benjamin Rush,District,High,19154,602.0,0.5581,Yes,24,No,0.3281166835630559,0.0,Listed,Listed,10.0,10.0,25.0,4.0,49.0,49.0,Listed,Candidate,55.0,46.0,56% economic need; 0.33 mi fresh access; 0 nearby resources,Grocery Outlet Of Woodhaven 750,"4016 Woodhaven Rd, Philadelphia, PA, 19154",11081 KNIGHTS RD,40.08253275,-74.9752061,Not contacted,No,No,1
8070,OIC Career and Academic Development Institute,Contracted,Transition/Overage School,19123,163.0,,No,209,No,0.15291218927303687,8.0,Listed,Listed,,5.0,0.0,1.0,,,Listed,Outside scope,,,Missing demographic or access input,Target T3285,"456 N 5th St, Philadelphia, PA, 19123",444 N 3RD ST,39.958322,-75.144801,Not contacted,No,No,0
8080,Excel Academy North,Contracted,Transition/Overage School,19121,189.0,,No,68,No,0.42951750596672367,12.0,Listed,Listed,,10.0,0.0,1.0,,,Listed,Outside scope,,,Missing demographic or access input,Sharswood Grocery Outlet 731,"2077 Ridge Ave, Philadelphia, PA, 19121",1435 N 26TH ST,39.978134,-75.177658,Not contacted,No,No,0
8090,Swenson Arts and Technology High School,District,High,19114,780.0,0.7313,Yes,279,No,0.7464393445321578,2.0,Listed,Listed,20.0,15.0,15.0,5.0,55.0,55.0,Listed,Candidate,28.0,24.0,73% economic need; 0.75 mi fresh access; 2 nearby resources,B Js Wholesale Club 22,"2054 Red Lion Rd, Philadelphia, PA, 19115",2750 RED LION RD,40.0921093,-75.01398863,Not contacted,No,No,1
8100,Gateway to College - Community College of Philadelphia,Contracted,Transition/Overage School,19130,66.0,,No,88,No,0.21434327892512375,8.0,Listed,Listed,,5.0,0.0,1.0,,,Listed,Outside scope,,,Missing demographic or access input,Giant Food Store 6573,"510 N Broad St, Philadelphia, PA, 19130",1700 SPRING GARDEN ST,39.9629017,-75.16627046,Not contacted,No,No,0
8120,Castor Gardens Middle School,District,Middle,19111,1340.0,0.7573,Yes,37,No,0.21854622660693576,1.0,Listed,Listed,20.0,5.0,20.0,5.0,50.0,50.0,Listed,Candidate,45.0,39.0,76% economic need; 0.22 mi fresh access; 1 nearby resources,Jumbo Meat Market,"7322 Castor Ave, Philadelphia, PA, 19152",1800 COTTMAN AVE,40.052367,-75.069086,Not contacted,No,No,1
8130,Northeast Community Propel Academy,District,Elementary-Middle,19136,1715.0,0.7507,Yes,205,No,0.6193303241956706,2.0,Listed,Listed,20.0,15.0,15.0,5.0,55.0,55.0,Listed,Candidate,26.0,24.0,75% economic need; 0.62 mi fresh access; 2 nearby resources,No.1 Asian Supermarket Inc,"2842 Saint Vincent St, Philadelphia, PA, 19149",7500 ROWLAND AVE,40.04577529,-75.04413273,Not contacted,No,No,1
8160,Charles C.A. Baldi Middle School,District,Middle,19115,1424.0,0.6683,Yes,40,No,0.5635164058751747,0.0,Listed,Listed,15.0,15.0,25.0,5.0,60.0,60.0,Listed,Candidate,14.0,10.0,67% economic need; 0.56 mi fresh access; 0 nearby resources,Kashmir Garden Super Market Inc,"9325 Krewstown Rd, Philadelphia, PA, 19115",8801 VERREE RD,40.09331609,-75.05217234,Not contacted,No,No,1
8190,One Bright Ray - Fairhill,Contracted,Transition/Overage School,19133,200.0,,No,214,No,0.3150754745130222,13.0,Listed,Listed,,10.0,0.0,2.0,,,Listed,Outside scope,,,Missing demographic or access input,Save A Lot 60139,"701 W Lehigh Ave, Philadelphia, PA, 19133",2820 N 4TH ST,39.99376434,-75.13801882,Not contacted,No,No,0
8200,Ethan Allen School,District,Elementary-Middle,19149,1018.0,0.7507,Yes,65,No,0.2829452474977819,4.0,Listed,Listed,20.0,10.0,5.0,5.0,40.0,40.0,Listed,Candidate,145.0,133.0,75% economic need; 0.28 mi fresh access; 4 nearby resources,Hung Vuong Food Market Lp,"6410 Frankford Ave, Philadelphia, PA, 19135",6329 BATTERSBY ST,40.0294252,-75.06268841,Not contacted,No,No,1
8210,Joseph H. Brown School,District,Elementary-Middle,19136,427.0,0.8056,Yes,147,No,0.9942284032941784,1.0,Listed,Listed,25.0,20.0,20.0,3.0,68.0,68.0,Listed,Candidate,2.0,2.0,81% economic need; 0.99 mi fresh access; 1 nearby resources,PJP Marketplace,"8960 Frankford Avenue, Philadelphia, PA, 19136",3600 STANWOOD ST,40.04392183,-75.02460195,Not contacted,No,No,1
8230,Kennedy C. Crossan School,District,Elementary,19111,318.0,0.7358,Yes,156,No,0.8246688424504663,2.0,Listed,Listed,20.0,20.0,15.0,2.0,57.0,57.0,Listed,Candidate,21.0,20.0,74% economic need; 0.82 mi fresh access; 2 nearby resources,ACME 787,"6640 Oxford Ave, Philadelphia, PA, 19111",7350 BINGHAM ST,40.06144841,-75.08155085,Not contacted,No,No,1
8240,Hamilton Disston School,District,Elementary-Middle,19135,686.0,0.8148,Yes,106,No,0.3144668970186295,6.0,Listed,Listed,25.0,10.0,0.0,4.0,39.0,39.0,Listed,Candidate,158.0,148.0,81% economic need; 0.31 mi fresh access; 6 nearby resources,SAVE-A-LOT 60132,"6801 Frankford Ave, Philadelphia, PA, 19135",6801 COTTAGE ST,40.02836911,-75.04658904,Not contacted,No,No,1
8250,Edwin Forrest School,District,Elementary,19136,798.0,0.776,Yes,58,No,0.7703459815748348,3.0,Listed,Listed,20.0,20.0,10.0,5.0,55.0,55.0,Listed,Candidate,25.0,24.0,78% economic need; 0.77 mi fresh access; 3 nearby resources,SAVE-A-LOT 60132,"6801 Frankford Ave, Philadelphia, PA, 19135",7300 COTTAGE ST,40.03444,-75.035891,Not contacted,No,No,1
8260,Fox Chase School,District,Elementary,19111,500.0,0.6847,Yes,78,No,0.8676567180951781,2.0,Listed,Listed,15.0,20.0,15.0,4.0,54.0,54.0,Listed,Candidate,34.0,33.0,68% economic need; 0.87 mi fresh access; 2 nearby resources,Giant Food Store 6509,"737 Huntingdon Pike, Huntingdon Valley, PA, 19006",500 RHAWN ST,40.076307,-75.082129,Not contacted,No,No,1
8270,Thomas Holme School,District,Elementary-Middle,19114,801.0,0.7798,Yes,294,No,0.2110836017486298,1.0,Listed,Listed,20.0,5.0,20.0,5.0,50.0,50.0,Listed,Candidate,43.0,39.0,78% economic need; 0.21 mi fresh access; 1 nearby resources,PJP Marketplace,"8960 Frankford Avenue, Philadelphia, PA, 19136",9125 ACADEMY RD,40.054988,-75.008965,Not contacted,No,No,1
8300,Mayfair School,District,Elementary-Middle,19149,1746.0,0.7385,Yes,197,No,0.18475066467909304,2.0,Listed,Listed,20.0,5.0,15.0,5.0,45.0,45.0,Listed,Candidate,78.0,74.0,74% economic need; 0.18 mi fresh access; 2 nearby resources,No.1 Asian Supermarket Inc,"2842 Saint Vincent St, Philadelphia, PA, 19149",3001 PRINCETON AVE,40.03945436,-75.05339332,Not contacted,No,No,1
8310,J. Hampton Moore School,District,Elementary,19111,1162.0,0.7795,Yes,124,No,0.48677921687658265,2.0,Listed,Listed,20.0,10.0,15.0,5.0,50.0,50.0,Listed,Candidate,44.0,39.0,78% economic need; 0.49 mi fresh access; 2 nearby resources,Meat Shoppers Plus LLC,"6619 Castor Ave, Philadelphia, PA, 19149",6900 SUMMERDALE AVE,40.049135,-75.076912,Not contacted,No,No,1
8340,Solomon Solis-Cohen School,District,Elementary,19149,1354.0,0.7902,Yes,269,No,0.36391859379799124,3.0,Listed,Listed,20.0,10.0,10.0,5.0,45.0,45.0,Listed,Candidate,77.0,74.0,79% economic need; 0.36 mi fresh access; 3 nearby resources,Acme 0299,"2101 Cottman Ave, Philadelphia, PA, 19149",7001 HORROCKS ST,40.044644,-75.064725,Not contacted,No,No,1
8350,Gilbert Spruance School,District,Elementary-Middle,19149,1259.0,0.7877,Yes,98,No,0.27189586889960465,4.0,Listed,Listed,20.0,10.0,5.0,5.0,40.0,40.0,Listed,Candidate,144.0,133.0,79% economic need; 0.27 mi fresh access; 4 nearby resources,Compare & Save,"6515 Castor Ave, Philadelphia, PA, 19149",6401 HORROCKS ST,40.03756142,-75.07232936,Not contacted,No,No,1
8360,Rhawnhurst School,District,Elementary,19152,584.0,0.7637,Yes,247,No,0.5143721610507015,0.0,Listed,Listed,20.0,15.0,25.0,4.0,64.0,64.0,Listed,Candidate,6.0,4.0,76% economic need; 0.51 mi fresh access; 0 nearby resources,Jumbo Meat Market,"7322 Castor Ave, Philadelphia, PA, 19152",7809 CASTOR AVE,40.05869601,-75.05898166,Not contacted,No,No,1
8370,Watson Comly School,District,Elementary,19116,660.0,0.6656,Yes,307,No,0.42671826805716384,1.0,Listed,Listed,15.0,10.0,20.0,4.0,49.0,49.0,Listed,Candidate,54.0,46.0,67% economic need; 0.43 mi fresh access; 1 nearby resources,Net Cost Market 4,"11701 Bustleton Ave, Philadelphia, PA, 19116",1001 BYBERRY RD,40.12096486,-75.0091088,Not contacted,No,No,1
8380,Louis H. Farrell School,District,Elementary-Middle,19152,1255.0,0.7148,Yes,172,No,0.08152945042887899,0.0,Listed,Listed,20.0,5.0,25.0,5.0,55.0,55.0,Listed,Candidate,29.0,24.0,71% economic need; 0.08 mi fresh access; 0 nearby resources,Bell's Market,"8330 Bustleton Ave, Philadelphia, PA, 19152",8300 CASTOR AVE,40.06657162,-75.05241476,Not contacted,No,No,1
8390,Aloysius L. Fitzpatrick School,District,Elementary-Middle,19154,868.0,0.7176,Yes,16,No,0.4864590234509422,0.0,Listed,Listed,20.0,10.0,25.0,5.0,60.0,60.0,Listed,Candidate,12.0,10.0,72% economic need; 0.49 mi fresh access; 0 nearby resources,Grocery Outlet Of Woodhaven 750,"4016 Woodhaven Rd, Philadelphia, PA, 19154",11061 KNIGHTS RD,40.080306,-74.976529,Not contacted,No,No,1
8400,Anne Frank School,District,Elementary,19115,1687.0,0.6848,Yes,22,No,0.3258614986175544,2.0,Listed,Listed,15.0,10.0,15.0,5.0,45.0,45.0,Listed,Candidate,79.0,74.0,68% economic need; 0.33 mi fresh access; 2 nearby resources,House Of Kosher Inc,"9806 Bustleton Ave, Philadelphia, PA, 19115",2000 BOWLER ST,40.088288,-75.028222,Not contacted,No,No,1
8410,Robert B. Pollock School,District,Elementary-Middle,19152,900.0,0.7341,Yes,251,No,0.8076308631444649,2.0,Listed,Listed,20.0,20.0,15.0,5.0,60.0,60.0,Listed,Candidate,10.0,10.0,73% economic need; 0.81 mi fresh access; 2 nearby resources,Net Cost Market 9,"2417 Welsh Rd, Philadelphia, PA, 19114",2875 WELSH RD,40.060116,-75.02713,Not contacted,No,No,1
8420,Stephen Decatur School,District,Elementary-Middle,19154,1041.0,0.6692,Yes,275,No,0.6602426050811474,1.0,Listed,Listed,15.0,15.0,20.0,5.0,55.0,55.0,Listed,Candidate,32.0,24.0,67% economic need; 0.66 mi fresh access; 1 nearby resources,Sam's Club 6332,"1000 Franklin Mills Cir, Philadelphia, PA, 19154",3500 ACADEMY RD,40.095818,-74.970535,Not contacted,No,No,1
8430,Joseph Greenberg School,District,Elementary-Middle,19115,1048.0,0.5234,Yes,146,No,0.9058382307395104,0.0,Listed,Listed,10.0,20.0,25.0,5.0,60.0,60.0,Listed,Candidate,15.0,10.0,52% economic need; 0.91 mi fresh access; 0 nearby resources,Kashmir Garden Super Market Inc,"9325 Krewstown Rd, Philadelphia, PA, 19115",600 SHARON LN,40.09608652,-75.05771102,Not contacted,No,No,1
8440,William H. Loesche School,District,Elementary,19116,1276.0,0.7346,Yes,318,No,0.45647317626121353,4.0,Listed,Listed,20.0,10.0,5.0,5.0,40.0,40.0,Listed,Candidate,146.0,133.0,73% economic need; 0.46 mi fresh access; 4 nearby resources,Ali Baba Bakery Inc,"10184 Bustleton Ave, Philadelphia, PA, 19116",595 TOMLINSON RD,40.11358364,-75.02386784,Not contacted,No,No,1
8450,YESPhilly,Contracted,Transition/Overage School,19132,127.0,,No,327,No,0.5411770428723703,15.0,Listed,Listed,,15.0,0.0,1.0,,,Listed,Outside scope,,,Missing demographic or access input,Save A Lot 60139,"701 W Lehigh Ave, Philadelphia, PA, 19133",2709 N BROAD ST,39.9944643,-75.1541276,Not contacted,No,No,0
8460,Philadelphia Learning Academy West,District,Transition/Overage School,19104,60.0,0.8983,Yes,238,No,0.66104747662638,11.0,Listed,Listed,25.0,15.0,0.0,1.0,41.0,41.0,Listed,Candidate,131.0,128.0,90% economic need; 0.66 mi fresh access; 11 nearby resources,Cousin's Fresh Market 2 Inc,"5429 W Girard Ave, Philadelphia, PA, 19131",4300 WESTMINSTER AVE,39.96971371,-75.21013521,Not contacted,No,No,1
8470,Philadelphia Learning Academy North,District,Transition/Overage School,19140,67.0,0.9016,Yes,237,No,0.5181636732430546,10.0,Listed,Listed,30.0,15.0,0.0,1.0,46.0,46.0,Listed,Candidate,71.0,71.0,90% economic need; 0.52 mi fresh access; 10 nearby resources,COUSINS SUPERMARKET INC. #2,"4037 N 5th St, Philadelphia, PA, 19140",4224 N FRONT ST,40.01425525,-75.12599679,Not contacted,No,No,1
8540,Pennypack House School,District,Transition/Overage School,19136,75.0,,Yes,228,No,1.4877013342422842,2.0,Listed,Listed,,25.0,15.0,1.0,,,Listed,Missing data,,,Missing demographic or access input,PJP Marketplace,"8960 Frankford Avenue, Philadelphia, PA, 19136",7901 STATE RD,40.032021,-75.019689,Not contacted,No,No,0
8560,The Workshop High School,District,High,19139,233.0,0.8441,Yes,290,No,0.40195766619653583,11.0,Listed,Listed,25.0,10.0,0.0,2.0,37.0,37.0,Listed,Candidate,197.0,182.0,84% economic need; 0.40 mi fresh access; 11 nearby resources,ALDI 54,"4421 Market St, Philadelphia, PA, 19104",221 S HANSON ST,39.95530589,-75.21855329,Not contacted,No,No,1
8690,Crossroads Accelerated Academy,District,Transition/Overage School,19104,55.0,,Yes,47,No,0.66104747662638,11.0,Listed,Listed,,15.0,0.0,1.0,,,Listed,Missing data,,,Missing demographic or access input,Cousin's Fresh Market 2 Inc,"5429 W Girard Ave, Philadelphia, PA, 19131",4300 WESTMINSTER AVE,39.96971371,-75.21013521,Not contacted,No,No,0
8770,"Hancock, John Demonstration School",District,Elementary-Middle,19114,869.0,0.6716,Yes,107,No,0.337097173993898,0.0,Listed,Listed,15.0,10.0,25.0,5.0,55.0,55.0,Listed,Candidate,31.0,24.0,67% economic need; 0.34 mi fresh access; 0 nearby resources,McMenamin Family Shop Rite 450,"9910 Frankford Avenue, Philadelphia, PA, 19114",3700 MORRELL AVE,40.06774728,-74.98842793,Not contacted,No,No,1
8780,Philadelphia Virtual Academy,District,Elementary-Middle-High,19130,1174.0,0.0,Yes,242,No,0.1365159900872243,10.0,Listed,Listed,0.0,5.0,0.0,5.0,10.0,10.0,Listed,Candidate,292.0,290.0,0% economic need; 0.14 mi fresh access; 10 nearby resources,Giant Food Store 6573,"510 N Broad St, Philadelphia, PA, 19130",440 N BROAD ST,39.96102159,-75.16264405,Not contacted,No,No,1
8860,One Bright Ray - Mansion,Contracted,Transition/Overage School,19121,105.0,,No,215,No,0.325702508834255,12.0,Listed,Listed,,10.0,0.0,1.0,,,Listed,Outside scope,,,Missing demographic or access input,SAVE-A-LOT 60146,"2801 W Dauphin St, Philadelphia, PA, 19132",3133 RIDGE AVE,39.99074371,-75.18402464,Not contacted,No,No,0
8890,One Bright Ray - Simpson,Contracted,Transition/Overage School,19124,226.0,,No,216,No,0.06493995312417583,7.0,Listed,Listed,,5.0,0.0,2.0,,,Listed,Outside scope,,,Missing demographic or access input,Pa Fair Farm Food Corp/Fine Fare Supermarket,"1240 E Erie Ave, Philadelphia, PA, 19124",1142 E ERIE AVE,40.00528,-75.10560096,Not contacted,No,No,0
8891,One Bright Ray - Simpson Evening,Contracted,Transition/Overage School,19124,131.0,,No,217,No,0.06490250839751906,7.0,Listed,Listed,,5.0,0.0,1.0,,,Listed,Outside scope,,,Missing demographic or access input,Pa Fair Farm Food Corp/Fine Fare Supermarket,"1240 E Erie Ave, Philadelphia, PA, 19124",1142 E ERIE AVE,40.00526093,-75.10560837,Not contacted,No,No,0
8900,Re-Engagement Center,District,Transition/Overage School,19130,1.0,,Yes,246,No,0.1365159900872243,10.0,Listed,Listed,,5.0,0.0,1.0,,,Listed,Missing data,,,Missing demographic or access input,Giant Food Store 6573,"510 N Broad St, Philadelphia, PA, 19130",440 N BROAD ST,39.96102159,-75.16264405,Not contacted,No,No,0
